Date,Year,Month,Day,Weekday,Week_Number,Year_Week,Open,High,Low,Close,Volume,Adj Close,Return,Short_MA,Long_MA
2019-04-18,2019,4,18,Thursday,15,2019-15,65.0,66.0,60.32,62.0,25764700,62.0,0.0,62.0,62.0
2019-04-22,2019,4,22,Monday,16,2019-16,61.0,68.9,59.94,65.7,9949700,65.7,0.0596773701329385,63.85,63.85
2019-04-23,2019,4,23,Tuesday,16,2019-16,66.87,74.17,65.55,69.0,6786500,69.0,0.05022835928527547,65.56666666666666,65.56666666666666
2019-04-24,2019,4,24,Wednesday,16,2019-16,71.4,71.5,63.16,63.2,4973500,63.2,-0.08405795995739918,64.975,64.975
2019-04-25,2019,4,25,Thursday,16,2019-16,64.74,66.85,62.6,65.0,3863300,65.0,0.028481000242583265,64.97999999999999,64.97999999999999
2019-04-26,2019,4,26,Friday,16,2019-16,66.12,66.99,63.6,66.22,1527400,66.22,0.018769249549278832,65.18666666666667,65.18666666666667
2019-04-29,2019,4,29,Monday,17,2019-17,66.53,68.5,64.75,68.17,1822300,68.17,0.029447250261187552,65.61285714285715,65.61285714285715
2019-04-30,2019,4,30,Tuesday,17,2019-17,68.4,72.52,66.67,72.47,4113100,72.47,0.06307764657850123,66.47,66.47
2019-05-01,2019,5,1,Wednesday,17,2019-17,72.72,76.95,70.82,72.76,3301900,72.76,0.004001668423382121,67.16888888888889,67.16888888888889
2019-05-02,2019,5,2,Thursday,17,2019-17,72.75,75.89,69.69,75.5,2525300,75.5,0.03765802341016089,68.002,68.002
2019-05-03,2019,5,3,Friday,17,2019-17,75.0,80.25,75.0,79.18,2590300,79.18,0.04874172589636805,69.01818181818182,69.01818181818182
2019-05-06,2019,5,6,Monday,18,2019-18,75.01,80.79,74.5,78.24,2051800,78.24,-0.01187171555674782,69.78666666666668,69.78666666666668
2019-05-07,2019,5,7,Tuesday,18,2019-18,77.85,78.05,73.25,73.33,1975200,73.33,-0.06275557472872206,70.05923076923077,70.05923076923077
2019-05-08,2019,5,8,Wednesday,18,2019-18,74.61,78.5,74.03,77.68,2265500,77.68,0.05932085593210634,70.60357142857143,70.60357142857143
2019-05-09,2019,5,9,Thursday,18,2019-18,76.85,76.99,74.0,75.21,1348200,75.21,-0.03179713196446199,71.54714285714286,70.91066666666667
2019-05-10,2019,5,10,Friday,18,2019-18,75.79,79.74,74.77,79.63,1555100,79.63,0.058768757116736126,72.54214285714285,71.455625
2019-05-13,2019,5,13,Monday,19,2019-19,77.39,77.39,70.6,72.54,2873200,72.54,-0.08903675225966812,72.795,71.51941176470588
2019-05-14,2019,5,14,Tuesday,19,2019-19,74.12,76.89,73.11,73.14,1950400,73.14,0.008271277454487302,73.505,71.60944444444445
2019-05-15,2019,5,15,Wednesday,19,2019-19,73.4,80.0,72.21,79.76,2426500,79.76,0.09051138640724354,74.5592857142857,72.03842105263158
2019-05-16,2019,5,16,Thursday,19,2019-19,80.12,87.55,79.25,83.4,4580700,83.4,0.04563690185754132,75.78642857142857,72.60650000000001
2019-05-17,2019,5,17,Friday,19,2019-19,82.25,90.28,81.88,89.98,3442500,89.98,0.07889690300560637,77.34428571428573,73.43380952380953
2019-05-20,2019,5,20,Monday,20,2019-20,90.1,91.46,83.27,84.67,3666800,84.67,-0.05901316948082891,78.21571428571428,73.94454545454545
2019-05-21,2019,5,21,Tuesday,20,2019-20,86.63,89.7,84.5,85.44,2576000,85.44,0.009094180809175345,79.12142857142858,74.44434782608695
2019-05-22,2019,5,22,Wednesday,20,2019-20,84.63,85.7,82.0,82.43,1596400,82.43,-0.03522942474509749,79.61642857142859,74.77708333333334
2019-05-23,2019,5,23,Thursday,20,2019-20,81.25,81.5,77.26,78.76,2856000,78.76,-0.04452260287951104,79.58642857142857,74.9364
2019-05-24,2019,5,24,Friday,20,2019-20,80.48,81.25,74.2,76.25,2946800,76.25,-0.03186899527870679,79.44428571428571,74.98692307692308
2019-05-28,2019,5,28,Tuesday,21,2019-21,76.8,79.39,76.8,77.77,1641300,77.77,0.01993438220414956,79.76142857142858,75.09
2019-05-29,2019,5,29,Wednesday,21,2019-21,77.0,77.93,73.58,75.77,1512100,75.77,-0.02571685851009109,79.625,75.11428571428571
2019-05-30,2019,5,30,Thursday,21,2019-21,76.68,80.97,76.6,80.42,1996000,80.42,0.06136995818785507,79.99714285714286,75.29724137931034
2019-05-31,2019,5,31,Friday,21,2019-21,78.77,83.17,77.78,79.73,1594300,79.73,-0.008579890919198863,80.00428571428573,75.445
2019-06-03,2019,6,3,Monday,22,2019-22,80.0,81.94,75.65,75.9,1570500,75.9,-0.04803714624102817,80.24428571428572,75.45967741935483
2019-06-04,2019,6,4,Tuesday,22,2019-22,78.2,78.88,76.62,78.74,1134900,78.74,0.03741760580758746,80.64428571428572,75.56218750000001
2019-06-05,2019,6,5,Wednesday,22,2019-22,80.14,80.6,76.24,78.04,1295800,78.04,-0.008889979263820624,80.52142857142857,75.63727272727273
2019-06-06,2019,6,6,Thursday,22,2019-22,77.4,79.75,77.03,79.43,3024000,79.43,0.01781137075014927,80.23785714285714,75.74882352941177
2019-06-07,2019,6,7,Friday,22,2019-22,93.66,98.89,92.5,94.05,9487800,94.05,0.18406147161539632,80.52857142857142,76.2717142857143
2019-06-10,2019,6,10,Monday,23,2019-23,98.51,105.99,96.0,102.0,4852800,102.0,0.08452947039105485,81.76642857142858,76.9863888888889
2019-06-11,2019,6,11,Tuesday,23,2019-23,101.0,101.2,91.57,94.87,4372400,94.87,-0.06990193385703891,82.44000000000001,77.46972972972974
2019-06-12,2019,6,12,Wednesday,23,2019-23,94.6,104.18,94.0,102.77,3156900,102.77,0.08327177893719417,83.89285714285714,78.13552631578948
2019-06-13,2019,6,13,Thursday,23,2019-23,105.1,105.17,98.55,100.95,3189100,100.95,-0.017709445891540887,85.47785714285715,78.72051282051282
2019-06-14,2019,6,14,Friday,23,2019-23,100.47,104.57,99.25,100.29,1889300,100.29,-0.006537850942712087,87.19500000000001,79.25975
2019-06-17,2019,6,17,Monday,24,2019-24,101.0,102.45,97.0,98.11,2128500,98.11,-0.021736965652358164,88.64785714285713,79.71951219512195
2019-06-18,2019,6,18,Tuesday,24,2019-24,100.39,102.0,97.51,99.64,2272400,99.64,0.015594728058083929,90.35285714285715,80.19380952380952
2019-06-19,2019,6,19,Wednesday,24,2019-24,100.49,104.44,98.63,102.39,2592700,102.39,0.027599357856737283,91.92214285714284,80.71000000000001
2019-06-20,2019,6,20,Thursday,24,2019-24,105.01,107.34,101.62,102.3,2460700,102.3,-0.0008789563280310331,93.53428571428572,81.20068181818182
2019-06-21,2019,6,21,Friday,24,2019-24,101.42,101.53,97.82,100.47,2972500,100.47,-0.017888580415083788,95.28928571428571,81.6288888888889
2019-06-24,2019,6,24,Monday,25,2019-25,100.85,101.5,88.88,89.41,6011200,89.41,-0.11008258608754451,96.05142857142857,81.79804347826087
2019-06-25,2019,6,25,Tuesday,25,2019-25,89.43,91.5,84.63,85.03,3744500,85.03,-0.048987861574919966,96.55071428571429,81.86680851063831
2019-06-26,2019,6,26,Wednesday,25,2019-25,87.92,89.08,84.61,86.33,2680000,86.33,0.01528875773751448,97.04357142857144,81.95979166666667
2019-06-27,2019,6,27,Thursday,25,2019-25,89.7,92.33,87.8,90.27,3019500,90.27,0.04563876669112288,96.77357142857144,82.12938775510204
2019-06-28,2019,6,28,Friday,25,2019-25,91.76,92.2,87.25,88.79,3228300,88.79,-0.016395211948340482,95.83000000000001,82.2626
2019-07-01,2019,7,1,Monday,26,2019-26,85.13,87.79,83.1,86.86,5306600,86.86,-0.021736685271711353,95.25785714285713,82.7598
2019-07-02,2019,7,2,Tuesday,26,2019-26,86.27,86.85,84.0,85.13,1866000,85.13,-0.019917146497549276,93.99785714285714,83.1484
2019-07-03,2019,7,3,Wednesday,26,2019-26,85.45,90.6,84.51,90.45,2706100,90.45,0.06249265671872939,93.24785714285713,83.5774
2019-07-05,2019,7,5,Friday,26,2019-26,90.14,91.97,88.0,91.88,2582700,91.88,0.015809843597828666,92.64714285714285,84.15100000000001
2019-07-08,2019,7,8,Monday,27,2019-27,91.44,92.79,89.89,90.76,1793300,90.76,-0.012189760020327345,92.12214285714286,84.6662
2019-07-09,2019,7,9,Tuesday,27,2019-27,90.27,91.27,89.1,90.93,1557400,90.93,0.0018730516190397228,91.5,85.16040000000001
2019-07-10,2019,7,10,Wednesday,27,2019-27,91.76,93.45,91.55,92.72,2059300,92.72,0.01968548234377887,90.80928571428572,85.6514
2019-07-11,2019,7,11,Thursday,27,2019-27,92.9,93.2,90.45,91.4,1784600,91.4,-0.014236407220079683,90.03071428571427,86.03
2019-07-12,2019,7,12,Friday,27,2019-27,93.01,94.93,91.37,93.3,2689700,93.3,0.020787762518154285,89.51857142857145,86.4408
2019-07-15,2019,7,15,Monday,28,2019-28,94.0,100.65,93.78,99.8,3835600,99.8,0.06966773619925992,90.26071428571429,86.92679999999999
2019-07-16,2019,7,16,Tuesday,28,2019-28,100.14,100.5,96.5,97.1,2120100,97.1,-0.027054153257254465,91.12285714285714,87.2852
2019-07-17,2019,7,17,Wednesday,28,2019-28,97.62,101.99,97.54,99.73,2314100,99.73,0.02708552959981203,92.08,87.715
2019-07-18,2019,7,18,Thursday,28,2019-28,99.24,99.5,95.02,95.19,1948800,95.19,-0.045522919509775606,92.43142857142857,88.1522
2019-07-19,2019,7,19,Friday,28,2019-28,97.15,97.79,92.88,93.38,1747700,93.38,-0.01901465638791655,92.75928571428571,88.46620000000001
2019-07-22,2019,7,22,Monday,29,2019-29,94.19,97.46,93.5,96.67,1483000,96.67,0.03523239464870431,93.46000000000001,88.89540000000001
2019-07-23,2019,7,23,Tuesday,29,2019-29,97.5,98.15,93.52,97.39,2241700,97.39,0.0074480318024297,94.33571428571427,89.25059999999999
2019-07-24,2019,7,24,Wednesday,29,2019-29,97.12,97.88,94.68,95.94,1283700,95.94,-0.014888561015807045,94.72785714285715,89.71860000000001
2019-07-25,2019,7,25,Thursday,29,2019-29,95.84,99.6,95.75,97.11,1870300,97.11,0.012195102555473403,95.10142857142857,90.198
2019-07-26,2019,7,26,Friday,29,2019-29,97.95,104.49,97.83,102.2,3040700,102.2,0.05241474931417156,95.91857142857144,90.64679999999998
2019-07-29,2019,7,29,Monday,30,2019-30,102.6,103.0,92.1,96.47,4230300,96.47,-0.056066496072802674,96.3142857142857,90.9082
2019-07-30,2019,7,30,Tuesday,30,2019-30,95.19,99.35,94.03,95.49,1635500,95.49,-0.010158633197190015,96.51214285714285,91.0184
2019-07-31,2019,7,31,Wednesday,30,2019-30,96.43,97.5,93.5,95.51,1514700,95.51,0.00020949076247211984,96.80571428571429,91.2352
2019-08-01,2019,8,1,Thursday,30,2019-30,95.75,98.66,93.8,95.1,1530400,95.1,-0.004292782461930766,96.93428571428572,91.4284
2019-08-02,2019,8,2,Friday,30,2019-30,94.92,96.0,92.57,93.66,1117100,93.66,-0.015141901525935086,96.49571428571427,91.653
2019-08-05,2019,8,5,Monday,31,2019-31,90.7,91.19,87.29,89.69,1774400,89.69,-0.04238736990685399,95.96642857142857,91.8716
2019-08-06,2019,8,6,Tuesday,31,2019-31,91.5,92.29,88.1,90.43,1028700,90.43,0.008250617054592846,95.30214285714285,92.15520000000001
2019-08-07,2019,8,7,Wednesday,31,2019-31,89.02,93.16,88.02,92.45,996100,92.45,0.022337682585972463,95.10642857142857,92.44879999999999
2019-08-08,2019,8,8,Thursday,31,2019-31,93.57,95.84,93.02,95.77,925600,95.77,0.035911301291690734,95.27714285714286,92.84880000000001
2019-08-09,2019,8,9,Friday,31,2019-31,94.79,95.49,93.31,94.2,800500,94.2,-0.016393440011025495,95.10071428571429,93.12440000000001
2019-08-12,2019,8,12,Monday,32,2019-32,93.05,94.18,91.11,92.16,779300,92.16,-0.021655980384518214,94.72714285714285,93.37299999999999
2019-08-13,2019,8,13,Tuesday,32,2019-32,92.06,96.22,92.06,95.45,1167200,95.45,0.035698710453561544,94.69214285714285,93.764
2019-08-14,2019,8,14,Wednesday,32,2019-32,93.2,94.52,89.89,92.65,1265700,92.65,-0.0293346832046687,94.37357142857142,94.04220000000001
2019-08-15,2019,8,15,Thursday,32,2019-32,92.77,93.44,89.69,90.64,1079800,90.64,-0.02169457207908454,93.54785714285715,94.2942
2019-08-16,2019,8,16,Friday,32,2019-32,92.12,95.0,92.08,92.53,1259300,92.53,0.02085171450105161,93.26642857142858,94.5562
2019-08-19,2019,8,19,Monday,33,2019-33,94.18,96.2,92.89,93.17,1226000,93.17,0.006916669167747136,93.10071428571429,94.5386
2019-08-20,2019,8,20,Tuesday,33,2019-33,93.0,93.57,91.14,91.41,746100,91.41,-0.018890142121120723,92.80785714285716,94.3268
2019-08-21,2019,8,21,Wednesday,33,2019-33,92.86,94.18,92.35,93.01,760000,93.01,0.01750353801576665,92.65857142857143,94.2896
2019-08-22,2019,8,22,Thursday,33,2019-33,93.48,95.5,91.57,93.88,883000,93.88,0.00935378020864075,92.67428571428572,94.1118
2019-08-23,2019,8,23,Friday,33,2019-33,93.14,94.13,90.41,91.63,1368400,91.63,-0.023966766785542104,92.81285714285715,93.9254
2019-08-26,2019,8,26,Monday,34,2019-34,92.33,93.5,91.45,91.76,697400,91.76,0.001418802648798012,92.90785714285714,93.75479999999999
2019-08-27,2019,8,27,Tuesday,34,2019-34,92.6,93.69,90.44,91.73,825800,91.73,-0.0003269265322415338,92.85642857142857,93.62719999999999
2019-08-28,2019,8,28,Wednesday,34,2019-34,91.16,91.38,88.71,90.16,1148300,90.16,-0.017115443555748566,92.45571428571428,93.4376
2019-08-29,2019,8,29,Thursday,34,2019-34,91.5,92.68,90.7,90.87,851800,90.87,0.007874878611734637,92.21785714285714,93.20720000000001
2019-08-30,2019,8,30,Friday,34,2019-34,91.82,92.42,89.02,91.67,1186100,91.67,0.008803734986058132,92.18285714285715,92.9946
2019-09-03,2019,9,3,Tuesday,35,2019-35,91.5,94.24,90.75,92.46,1538900,92.46,0.008617878600492457,91.9692857142857,92.8344
2019-09-04,2019,9,4,Wednesday,35,2019-35,93.95,96.0,93.18,93.53,2400700,93.53,0.011572568736958999,92.03214285714284,92.91680000000001
2019-09-05,2019,9,5,Thursday,35,2019-35,94.24,94.38,88.51,92.69,4991800,92.69,-0.008981036553552868,92.17857142857143,93.07
2019-09-06,2019,9,6,Friday,35,2019-35,92.0,96.5,84.86,85.41,7289700,85.41,-0.0785413592355757,91.67,93.0516
2019-09-09,2019,9,9,Monday,36,2019-36,85.75,85.94,77.2,78.65,6713800,78.65,-0.07914766240935567,90.63285714285713,92.8192
2019-09-10,2019,9,10,Tuesday,36,2019-36,77.0,81.22,76.81,80.35,2813200,80.35,0.021614709666379683,89.84285714285714,92.65039999999999
2019-09-11,2019,9,11,Wednesday,36,2019-36,80.0,81.86,78.5,80.71,2013600,80.71,0.004480405938869003,88.96428571428571,92.5274
2019-09-12,2019,9,12,Thursday,36,2019-36,81.45,82.65,79.9,81.53,1955100,81.53,0.010159827829585133,88.08214285714287,92.45540000000001
2019-09-13,2019,9,13,Friday,36,2019-36,81.57,82.48,78.27,78.85,1416800,78.85,-0.03287133993992308,87.1692857142857,92.2234
2019-09-16,2019,9,16,Monday,37,2019-37,78.5,80.99,78.26,80.67,1630100,80.67,0.02308179746409955,86.37714285714286,91.9992
2019-09-17,2019,9,17,Tuesday,37,2019-37,81.49,84.82,79.53,84.64,2539900,84.64,0.04921285869362291,85.87071428571427,91.8768
2019-09-18,2019,9,18,Wednesday,37,2019-37,84.4,86.0,83.5,84.55,1835400,84.55,-0.0010632837729158684,85.47000000000001,91.7492
2019-09-19,2019,9,19,Thursday,37,2019-37,85.2,85.35,83.25,84.62,1266600,84.62,0.0008279088385292344,85.02357142857143,91.58720000000001
2019-09-20,2019,9,20,Friday,37,2019-37,85.0,85.35,81.5,82.63,2050100,82.63,-0.023516963230593158,84.37785714285714,91.4118
2019-09-23,2019,9,23,Monday,38,2019-38,82.29,83.6,81.8,82.62,677000,82.62,-0.0001209549457600323,83.675,91.1982
2019-09-24,2019,9,24,Tuesday,38,2019-38,82.43,82.93,79.46,80.02,2145400,80.02,-0.03146945070300411,82.71000000000001,90.8026
2019-09-25,2019,9,25,Wednesday,38,2019-38,79.12,79.99,76.08,79.6,1924100,79.6,-0.005248665165767719,81.77499999999999,90.4526
2019-09-26,2019,9,26,Thursday,38,2019-38,79.25,80.62,78.61,79.75,920000,79.75,0.0018844413160092888,81.37071428571429,90.053
2019-09-27,2019,9,27,Friday,38,2019-38,79.69,79.82,75.09,76.04,2347400,76.04,-0.04652036469558185,81.18428571428572,89.67
2019-09-30,2019,9,30,Monday,39,2019-39,76.13,77.0,74.29,76.2,1356500,76.2,0.002104103508528077,80.88785714285713,89.32639999999999
2019-10-01,2019,10,1,Tuesday,39,2019-39,76.43,77.49,75.21,75.81,1378100,75.81,-0.005118102431333926,80.53785714285713,88.9092
2019-10-02,2019,10,2,Wednesday,39,2019-39,74.5,75.78,73.66,73.85,1388700,73.85,-0.025854097712610602,79.98928571428571,88.4384
2019-10-03,2019,10,3,Thursday,39,2019-39,73.9,78.49,73.39,76.83,2605800,76.83,0.04035211128647287,79.845,88.05619999999999
2019-10-04,2019,10,4,Friday,39,2019-39,77.0,77.78,75.28,76.53,1799500,76.53,-0.003904764344760836,79.54928571428572,87.64460000000001
2019-10-07,2019,10,7,Monday,40,2019-40,76.99,77.43,75.0,76.99,1432200,76.99,0.006010702885272945,79.00285714285714,87.14040000000001
2019-10-08,2019,10,8,Tuesday,40,2019-40,76.01,76.35,72.58,73.59,3156600,73.59,-0.044161600470428164,78.22,86.6828
2019-10-09,2019,10,9,Wednesday,40,2019-40,74.22,75.06,72.75,72.86,1490100,72.86,-0.009919768499338733,77.38,86.23020000000001
2019-10-10,2019,10,10,Thursday,40,2019-40,72.86,73.78,71.01,71.01,2282200,71.01,-0.025391139975618593,76.55,85.7402
2019-10-11,2019,10,11,Friday,40,2019-40,71.37,72.89,70.9,71.35,2391800,71.35,0.004788006304215386,75.745,85.2652
2019-10-14,2019,10,14,Monday,41,2019-41,70.46,71.24,69.55,70.8,2218100,70.8,-0.00770841533462352,75.08642857142857,84.80799999999999
2019-10-15,2019,10,15,Tuesday,41,2019-41,68.76,71.27,68.38,71.11,10576600,71.11,0.004378496401576726,74.48,84.4364
2019-10-16,2019,10,16,Wednesday,41,2019-41,69.7,69.95,66.51,67.69,6061400,67.69,-0.0480944753141721,73.61857142857143,83.9816
2019-10-17,2019,10,17,Thursday,41,2019-41,67.09,68.0,66.76,67.03,3496800,67.03,-0.009750386147211132,72.97500000000001,83.47319999999999
2019-10-18,2019,10,18,Friday,41,2019-41,66.26,66.93,64.53,66.08,4819400,66.08,-0.014172713196223485,72.25214285714286,82.8794
2019-10-21,2019,10,21,Monday,42,2019-42,65.29,66.5,64.16,65.77,3076500,65.77,-0.004691361673700656,71.535,82.3108
2019-10-22,2019,10,22,Tuesday,42,2019-42,64.2,64.6,61.02,62.0,4584700,62.0,-0.057320918891423545,70.68857142857142,81.7076
2019-10-23,2019,10,23,Wednesday,42,2019-42,61.33,63.74,60.97,62.06,3589200,62.06,0.0009677640853389402,69.63357142857143,81.0398
2019-10-24,2019,10,24,Thursday,42,2019-42,63.0,65.94,62.76,64.52,3433300,64.52,0.03963898187785264,68.77571428571429,80.4772
2019-10-25,2019,10,25,Friday,42,2019-42,64.33,64.99,62.79,63.45,1921900,63.45,-0.01658394196835311,67.80857142857143,79.93339999999999
2019-10-28,2019,10,28,Monday,43,2019-43,63.96,67.47,62.26,66.56,3509300,66.56,0.04901492132795715,67.30642857142857,79.414
2019-10-29,2019,10,29,Tuesday,43,2019-43,65.77,67.11,64.8,65.49,1825300,65.49,-0.016075717158527292,66.78,78.8604
2019-10-30,2019,10,30,Wednesday,43,2019-43,65.97,70.09,65.66,70.0,4670300,70.0,0.06886551051065926,66.70785714285714,78.43220000000001
2019-10-31,2019,10,31,Thursday,43,2019-43,69.52,70.08,66.6,69.89,3405300,69.89,-0.0015714372907366103,66.60357142857143,77.96979999999999
2019-11-01,2019,11,1,Friday,43,2019-43,69.86,70.55,68.02,70.39,3561800,70.39,0.007154099361375232,66.57428571428571,77.5
2019-11-04,2019,11,4,Monday,44,2019-44,70.81,70.85,69.01,70.12,1563100,70.12,-0.0038357244694920967,66.50357142857142,77.0698
2019-11-05,2019,11,5,Tuesday,44,2019-44,70.71,70.85,66.68,66.89,1805900,66.89,-0.046063936543286,66.44642857142857,76.5724
2019-11-06,2019,11,6,Wednesday,44,2019-44,66.95,67.13,65.36,66.83,1327400,66.83,-0.0008969585758888954,66.43214285714286,76.0744
2019-11-07,2019,11,7,Thursday,44,2019-44,67.03,68.68,66.21,66.81,1128200,66.81,-0.00029933071843257775,66.48428571428572,75.6074
2019-11-08,2019,11,8,Friday,44,2019-44,66.54,70.0,66.52,69.85,1472400,69.85,0.04550218569999487,66.77571428571429,75.18700000000001
2019-11-11,2019,11,11,Monday,45,2019-45,69.51,70.19,67.76,68.39,1037500,68.39,-0.020901920062511903,67.23214285714286,74.7214
2019-11-12,2019,11,12,Tuesday,45,2019-45,68.5,70.05,67.56,68.0,1911000,68.0,-0.005702579223994975,67.65642857142856,74.2322
2019-11-13,2019,11,13,Wednesday,45,2019-45,68.0,68.51,66.87,68.01,1987000,68.01,0.00014709023868331172,67.90571428571428,73.72179999999999
2019-11-14,2019,11,14,Thursday,45,2019-45,67.77,68.15,66.71,67.74,932500,67.74,-0.003970067107483599,68.21214285714287,73.22279999999999
2019-11-15,2019,11,15,Friday,45,2019-45,68.13,71.1,67.91,70.01,2311800,70.01,0.03351054538008835,68.45857142857143,72.9148
2019-11-18,2019,11,18,Monday,46,2019-46,70.47,71.14,68.78,70.08,1676000,70.08,0.0009998527737222762,68.78642857142857,72.74340000000001
2019-11-19,2019,11,19,Tuesday,46,2019-46,70.19,70.33,68.19,69.64,1704700,69.64,-0.006278573486156347,68.76071428571429,72.5292
2019-11-20,2019,11,20,Wednesday,46,2019-46,69.25,71.71,68.55,70.99,2780700,70.99,0.019385388942461113,68.83928571428571,72.3348
2019-11-21,2019,11,21,Thursday,46,2019-46,71.5,71.95,69.58,69.92,1127000,69.92,-0.015072541583640575,68.80571428571429,72.1026
2019-11-22,2019,11,22,Friday,46,2019-46,72.0,74.0,71.15,73.16,3051900,73.16,0.046338752545950435,69.02285714285715,71.9888
2019-11-25,2019,11,25,Monday,47,2019-47,73.8,75.06,72.86,74.55,1936400,74.55,0.018999443959409446,69.57000000000001,71.8664
2019-11-26,2019,11,26,Tuesday,47,2019-47,75.0,75.77,74.76,75.16,1836500,75.16,0.008182435752927653,70.16499999999999,71.6768
2019-11-27,2019,11,27,Wednesday,47,2019-47,75.81,75.84,73.36,74.08,1355900,74.08,-0.014369369058441772,70.68428571428572,71.4674
2019-11-29,2019,11,29,Friday,47,2019-47,74.1,74.94,73.86,74.5,512600,74.5,0.005669521578889114,71.01642857142858,71.26499999999999
2019-12-02,2019,12,2,Monday,48,2019-48,74.06,74.5,68.46,68.93,3138600,68.93,-0.07476509657482178,71.05499999999999,70.991
2019-12-03,2019,12,3,Tuesday,48,2019-48,66.72,70.53,66.05,70.02,2444200,70.02,0.015813090571084487,71.19928571428571,70.73899999999999
2019-12-04,2019,12,4,Wednesday,48,2019-48,70.5,70.9,69.15,69.96,2076500,69.96,-0.0008568632029446466,71.33857142857143,70.5378
2019-12-05,2019,12,5,Thursday,48,2019-48,70.03,70.75,69.22,69.67,3672600,69.67,-0.004145238984025523,71.47642857142857,70.3392
2019-12-06,2019,12,6,Friday,48,2019-48,64.26,65.08,62.11,62.74,11253600,62.74,-0.09946887717254871,70.95714285714286,69.999
2019-12-09,2019,12,9,Monday,49,2019-49,62.39,67.27,62.33,65.94,5234100,65.94,0.05100415488254173,70.66142857142857,69.797
2019-12-10,2019,12,10,Tuesday,49,2019-49,65.49,65.83,63.39,64.57,3895700,64.57,-0.020776504335125012,70.29928571428572,69.5644
2019-12-11,2019,12,11,Wednesday,49,2019-49,64.24,64.45,62.05,63.52,3685600,63.52,-0.01626140997403025,69.76571428571428,69.3186
2019-12-12,2019,12,12,Thursday,49,2019-49,63.49,64.23,62.12,62.49,3317300,62.49,-0.016215345904818657,69.235,69.0914
2019-12-13,2019,12,13,Friday,49,2019-49,62.5,63.75,62.02,63.54,2489400,63.54,0.016802675769848285,68.54785714285714,68.8256
2019-12-16,2019,12,16,Monday,50,2019-50,63.59,66.39,63.56,66.35,3282800,66.35,0.044224071735999404,67.96214285714287,68.622
2019-12-17,2019,12,17,Tuesday,50,2019-50,66.62,66.62,65.4,66.17,2301000,66.17,-0.0027128908713688338,67.32000000000001,68.40559999999999
2019-12-18,2019,12,18,Wednesday,50,2019-50,66.22,68.14,66.04,67.6,2237000,67.6,0.02161100717465181,66.85714285714286,68.2858
2019-12-19,2019,12,19,Thursday,50,2019-50,67.75,68.46,67.1,68.18,1610500,68.18,0.008579908937079717,66.40571428571428,68.1922
2019-12-20,2019,12,20,Friday,50,2019-50,68.2,68.48,66.42,66.93,2201400,66.93,-0.0183338221531969,66.26285714285714,68.11059999999999
2019-12-23,2019,12,23,Monday,51,2019-51,67.02,67.5,65.93,66.15,1663500,66.15,-0.01165394853937507,65.98642857142858,68.00659999999999
2019-12-24,2019,12,24,Tuesday,51,2019-51,66.3,66.89,65.74,66.46,562600,66.46,0.004686281956810978,65.73642857142858,67.91980000000001
2019-12-26,2019,12,26,Thursday,51,2019-51,66.5,68.19,66.3,67.45,1387600,67.45,0.014896146214375072,65.57785714285714,67.8466
2019-12-27,2019,12,27,Friday,51,2019-51,67.51,67.96,66.51,66.64,955400,66.64,-0.012008859825676566,65.85642857142857,67.82560000000001
2019-12-30,2019,12,30,Monday,52,2019-52,66.56,67.18,65.52,66.79,1162700,66.79,0.0022509232781027233,65.91714285714286,67.8208
2019-12-31,2019,12,31,Tuesday,52,2019-52,66.38,68.18,66.31,68.04,1351400,68.04,0.018715376296834174,66.16499999999999,67.86
2020-01-02,2020,1,2,Thursday,00,2020-00,68.8,69.24,68.02,68.72,1315500,68.72,0.009994125455994762,66.53642857142857,67.919
2020-01-03,2020,1,3,Friday,00,2020-00,67.62,68.68,67.1,67.28,1127900,67.28,-0.02095463352483795,66.87857142857142,68.0246
2020-01-06,2020,1,6,Monday,01,2020-01,66.63,70.5,65.81,70.32,3151600,70.32,0.04518431882705087,67.36285714285715,68.18979999999999
2020-01-07,2020,1,7,Tuesday,01,2020-01,70.29,72.84,69.37,71.9,6985400,71.9,0.022468740584635993,67.75928571428571,68.3374
2020-01-08,2020,1,8,Wednesday,01,2020-01,71.81,73.29,71.03,72.55,2482300,72.55,0.009040354827321462,68.215,68.5194
2020-01-09,2020,1,9,Thursday,01,2020-01,73.99,74.0,71.35,72.62,2772000,72.62,0.0009648475793209155,68.57357142857143,68.64059999999999
2020-01-10,2020,1,10,Friday,01,2020-01,73.08,73.8,72.25,73.09,1655100,73.09,0.006471957773792836,68.92428571428572,68.79260000000001
2020-01-13,2020,1,13,Monday,02,2020-02,73.89,75.58,73.8,74.03,3347100,74.03,0.012860890525437707,69.43142857142857,68.8732
2020-01-14,2020,1,14,Tuesday,02,2020-02,74.32,75.11,72.26,73.16,1909500,73.16,-0.011751926672066926,69.93214285714286,68.93860000000001
2020-01-15,2020,1,15,Wednesday,02,2020-02,73.28,77.78,73.2,76.94,3963500,76.94,0.05166755863975703,70.68071428571429,69.0696
2020-01-16,2020,1,16,Thursday,02,2020-02,78.0,78.79,75.11,76.11,2998300,76.11,-0.010787650178290198,71.29928571428572,69.18939999999999
2020-01-17,2020,1,17,Friday,02,2020-02,76.66,76.9,75.49,75.56,1357400,75.56,-0.007226422905625474,71.93642857142856,69.3628
2020-01-21,2020,1,21,Tuesday,03,2020-03,75.56,77.12,74.32,76.73,1606700,76.73,0.015484460510107212,72.64642857142857,69.5608
2020-01-22,2020,1,22,Wednesday,03,2020-03,77.07,77.11,75.46,75.54,1501600,75.54,-0.01550895854742218,73.18214285714285,69.7354
2020-01-23,2020,1,23,Thursday,03,2020-03,75.67,75.97,74.21,74.47,1279000,74.47,-0.014164676752132288,73.59285714285714,69.8278
2020-01-24,2020,1,24,Friday,03,2020-03,74.97,76.18,72.38,73.0,1660200,73.0,-0.01973950848136219,74.00142857142858,69.92
2020-01-27,2020,1,27,Monday,04,2020-04,71.33,72.13,70.32,70.44,1750700,70.44,-0.035068459706763644,74.00999999999999,69.9688
2020-01-28,2020,1,28,Tuesday,04,2020-04,71.0,72.48,70.26,71.51,1598200,71.51,0.015190227963354674,73.98214285714286,70.0388
2020-01-29,2020,1,29,Wednesday,04,2020-04,72.51,74.14,71.21,73.58,1373400,73.58,0.02894699528718725,74.05571428571429,70.15559999999999
2020-01-30,2020,1,30,Thursday,04,2020-04,73.1,74.8,72.55,74.54,1425400,74.54,0.013047010880441245,74.19285714285715,70.2462
2020-01-31,2020,1,31,Friday,04,2020-04,74.27,76.67,73.3,76.3,2521700,76.3,0.023611512135947033,74.42214285714286,70.37060000000001
2020-02-03,2020,2,3,Monday,05,2020-05,77.69,88.94,77.51,87.66,12941300,87.66,0.14888597845331075,75.39571428571428,70.731
2020-02-04,2020,2,4,Tuesday,05,2020-05,91.04,93.3,83.5,85.79,10611000,85.79,-0.021332451157429433,76.29785714285715,71.027
2020-02-05,2020,2,5,Wednesday,05,2020-05,85.77,90.97,83.75,86.99,5126800,86.99,0.013987608525890538,77.01571428571428,71.36840000000001
2020-02-06,2020,2,6,Thursday,05,2020-05,87.0,89.44,85.26,87.26,2410800,87.26,0.0031038542256751622,77.81214285714286,71.6504
2020-02-07,2020,2,7,Friday,05,2020-05,87.23,90.6,86.81,88.64,2636600,88.64,0.015814774462915127,78.74642857142858,71.93220000000001
2020-02-10,2020,2,10,Monday,06,2020-06,89.09,89.98,86.91,89.67,2071600,89.67,0.01162002240962523,79.6707142857143,72.22240000000001
2020-02-11,2020,2,11,Tuesday,06,2020-06,90.0,90.5,87.93,88.68,2731900,88.68,-0.011040458168676381,80.60928571428573,72.51440000000001
2020-02-12,2020,2,12,Wednesday,06,2020-06,88.66,89.5,86.52,88.28,1671100,88.28,-0.004510617100838665,81.5957142857143,72.79
2020-02-13,2020,2,13,Thursday,06,2020-06,87.61,91.93,87.0,89.86,3406400,89.86,0.017897619538993714,82.8,73.20859999999999
2020-02-14,2020,2,14,Friday,06,2020-06,90.88,91.71,89.81,90.95,2295000,90.95,0.01212993913295235,84.265,73.6272
2020-02-18,2020,2,18,Tuesday,07,2020-07,93.02,98.14,92.4,96.39,5608200,96.39,0.05981311296252212,86.04214285714286,74.1558
2020-02-19,2020,2,19,Wednesday,07,2020-07,100.32,105.08,99.75,103.93,7793800,103.93,0.07822389213892955,88.21000000000001,74.841
2020-02-20,2020,2,20,Thursday,07,2020-07,104.0,110.75,101.43,105.29,11293200,105.29,0.01308573661462642,90.40642857142856,75.692
2020-02-21,2020,2,21,Friday,07,2020-07,104.03,104.29,98.09,101.76,5519200,101.76,-0.03352643886981199,92.22500000000001,76.4084
2020-02-24,2020,2,24,Monday,08,2020-08,97.8,110.0,97.02,105.01,12172800,105.01,0.0319378924112943,93.46428571428574,77.2172
2020-02-25,2020,2,25,Tuesday,08,2020-08,108.52,111.8,104.47,107.08,13425900,107.08,0.0197124050348918,94.985,78.08840000000001
2020-02-26,2020,2,26,Wednesday,08,2020-08,109.94,111.3,105.6,106.88,6867500,106.88,-0.0018678051383700378,96.4057142857143,78.9762
2020-02-27,2020,2,27,Thursday,08,2020-08,109.43,118.0,107.6,113.55,13511800,113.55,0.062406492980392914,98.28357142857143,79.9764
2020-02-28,2020,2,28,Friday,08,2020-08,121.07,121.93,97.37,105.0,21617100,105.0,-0.07529725074389115,99.45214285714287,80.74940000000001
2020-03-02,2020,3,2,Monday,09,2020-09,109.35,114.5,102.5,113.11,10157400,113.11,0.07723810105096729,101.12642857142858,81.68820000000001
2020-03-03,2020,3,3,Tuesday,09,2020-09,114.55,119.2,112.11,117.47,11033700,117.47,0.038546552796610456,103.18285714285715,82.68560000000001
2020-03-04,2020,3,4,Wednesday,09,2020-09,118.51,119.97,113.11,116.8,12102600,116.8,-0.005703568247066859,105.22,83.65799999999999
2020-03-05,2020,3,5,Thursday,09,2020-09,110.25,129.83,110.0,125.0,28149400,125.0,0.07020545148965884,107.73,84.81939999999999
2020-03-06,2020,3,6,Friday,09,2020-09,119.65,122.0,107.0,114.32,22975700,114.32,-0.08544000244140626,109.39928571428571,85.78280000000001
2020-03-09,2020,3,9,Monday,10,2020-10,105.0,116.5,100.88,113.75,14571300,113.75,-0.004986001542563234,110.6392857142857,86.7286
2020-03-10,2020,3,10,Tuesday,10,2020-10,113.8,113.8,105.0,108.49,10244000,108.49,-0.04624177702180632,110.965,87.5494
2020-03-11,2020,3,11,Wednesday,10,2020-10,108.41,113.99,107.0,110.3,12576700,110.3,0.016683613454035573,111.32285714285715,88.4226
2020-03-12,2020,3,12,Thursday,10,2020-10,106.25,113.87,104.39,109.47,12097900,109.47,-0.007524948396104847,111.87357142857141,89.27619999999999
2020-03-13,2020,3,13,Friday,10,2020-10,113.0,113.8,104.16,107.47,9233500,107.47,-0.018269845416076902,112.0492857142857,90.06479999999999
2020-03-16,2020,3,16,Monday,11,2020-11,105.0,119.87,103.2,107.86,17210700,107.86,0.003628913978027448,112.105,90.8476
2020-03-17,2020,3,17,Tuesday,11,2020-11,107.33,113.83,102.0,111.1,18721500,111.1,0.030038919390276586,112.40642857142858,91.72399999999999
2020-03-18,2020,3,18,Wednesday,11,2020-11,111.0,119.0,108.85,118.71,13594300,118.71,0.06849685611943723,112.77499999999999,92.6918
2020-03-19,2020,3,19,Thursday,11,2020-11,122.95,132.23,119.1,123.77,16248400,123.77,0.04262486393410825,114.11571428571428,93.7292
2020-03-20,2020,3,20,Friday,11,2020-11,129.0,135.98,124.0,130.55,13872600,130.55,0.05477907887679678,115.36142857142856,94.8892
2020-03-23,2020,3,23,Monday,12,2020-12,142.0,164.94,137.25,159.56,27681500,159.56,0.22221366395016195,118.36785714285713,96.62799999999999
2020-03-24,2020,3,24,Tuesday,12,2020-12,154.0,155.0,133.88,135.18,22401300,135.18,-0.15279521970323207,119.68071428571429,97.86980000000001
2020-03-25,2020,3,25,Wednesday,12,2020-12,140.1,149.0,136.2,138.11,14743000,138.11,0.02167486383578754,120.61714285714287,99.1514
2020-03-26,2020,3,26,Thursday,12,2020-12,140.51,146.65,138.2,141.15,9252700,141.15,0.022011391446659312,122.53357142857143,100.51119999999999
2020-03-27,2020,3,27,Friday,12,2020-12,145.7,154.97,145.6,151.7,13271900,151.7,0.07474320586577488,125.24428571428572,102.00640000000001
2020-03-30,2020,3,30,Monday,13,2020-13,160.76,161.69,147.2,150.88,15762200,150.88,-0.005405353209792407,128.27214285714285,103.5018
2020-03-31,2020,3,31,Tuesday,13,2020-13,147.02,149.79,143.36,146.12,10023700,146.12,-0.031548313968587594,130.8307142857143,104.91300000000001
2020-04-01,2020,4,1,Wednesday,13,2020-13,144.5,144.6,135.18,137.0,11453300,137.0,-0.062414422542741765,132.79714285714286,106.11840000000001
2020-04-02,2020,4,2,Thursday,13,2020-13,125.3,133.49,114.5,121.93,27313800,121.93,-0.10999999777243952,133.83,107.04619999999998
2020-04-03,2020,4,3,Friday,13,2020-13,124.3,128.48,120.11,128.2,12238100,128.2,0.05142291993253001,135.28285714285715,108.12080000000002
2020-04-06,2020,4,6,Monday,14,2020-14,113.63,125.18,108.53,122.94,25378900,122.94,-0.04102959931394956,136.12857142857143,109.1196
2020-04-07,2020,4,7,Tuesday,14,2020-14,118.0,118.44,109.57,113.75,20166200,113.75,-0.07475192987560131,135.7742857142857,109.9858
2020-04-08,2020,4,8,Wednesday,14,2020-14,115.02,125.88,112.5,117.81,26243300,117.81,0.035692286229395576,135.34857142857143,110.9118
2020-04-09,2020,4,9,Thursday,14,2020-14,117.8,125.5,114.0,124.51,15513000,124.51,0.056871273376475795,134.91714285714286,111.93039999999999
2020-04-13,2020,4,13,Monday,15,2020-15,127.0,136.86,125.6,135.92,15411700,135.92,0.0916391923295512,133.22857142857143,113.15799999999999
2020-04-14,2020,4,14,Tuesday,15,2020-15,141.07,145.2,139.01,141.89,11679900,141.89,0.0439229053938226,133.70785714285714,114.46979999999999
2020-04-15,2020,4,15,Wednesday,15,2020-15,141.71,152.57,140.0,151.56,14193300,151.56,0.06815137226401857,134.66857142857143,115.74779999999998
2020-04-16,2020,4,16,Thursday,15,2020-15,149.92,154.25,146.8,150.26,15138200,150.26,-0.008577481345334759,135.3192857142857,117.0372
2020-04-17,2020,4,17,Friday,15,2020-15,147.91,153.79,144.03,150.06,11328400,150.06,-0.0013310059600267765,135.20214285714286,118.29860000000001
2020-04-20,2020,4,20,Monday,16,2020-16,153.3,155.0,148.25,148.99,11218700,148.99,-0.007130428380900722,135.06714285714284,119.5332
2020-04-21,2020,4,21,Tuesday,16,2020-16,151.42,154.75,138.36,143.27,9709100,143.27,-0.03839184515612071,134.86357142857142,120.6258
2020-04-22,2020,4,22,Wednesday,16,2020-16,147.1,152.28,145.1,150.25,6520700,150.25,0.048719170233742615,135.81,121.8374
2020-04-23,2020,4,23,Thursday,16,2020-16,154.01,169.75,153.49,169.09,22159800,169.09,0.12539099060160153,139.17857142857142,123.4456
2020-04-24,2020,4,24,Friday,16,2020-16,177.15,181.5,158.3,158.8,43814100,158.8,-0.06085512750009425,141.36428571428573,124.85600000000001
2020-04-27,2020,4,27,Monday,17,2020-17,156.59,167.85,155.0,164.6,19783700,164.6,0.03652394798674785,144.34,126.35079999999999
2020-04-28,2020,4,28,Tuesday,17,2020-17,165.0,166.0,155.25,156.72,13477800,156.72,-0.04787366093933698,147.40928571428572,127.66619999999999
2020-04-29,2020,4,29,Wednesday,17,2020-17,147.98,151.0,143.38,146.48,22033300,146.48,-0.0653394934494892,149.45714285714286,128.668
2020-04-30,2020,4,30,Thursday,17,2020-17,139.99,143.8,133.68,135.17,16682300,135.17,-0.07721189164717734,150.21857142857144,129.2928
2020-05-01,2020,5,1,Friday,17,2020-17,136.0,141.63,132.67,138.56,13807000,138.56,0.02507952530569213,150.40714285714284,129.9582
2020-05-04,2020,5,4,Monday,18,2020-18,140.77,144.98,140.45,143.44,9184700,143.44,0.03521943539836503,150.51785714285714,130.7918
2020-05-05,2020,5,5,Tuesday,18,2020-18,144.43,148.44,140.86,144.82,7376300,144.82,0.009620781227860142,150.0364285714286,131.588
2020-05-06,2020,5,6,Wednesday,18,2020-18,145.47,150.74,144.09,149.59,6031100,149.59,0.032937362052419816,149.98857142857145,132.4382
2020-05-07,2020,5,7,Thursday,18,2020-18,154.84,162.0,154.04,157.8,8388900,157.8,0.054883394042757994,150.54142857142855,133.4566
2020-05-08,2020,5,8,Friday,18,2020-18,160.0,161.16,152.71,155.4,7071800,155.4,-0.015209183199358045,150.99928571428572,134.2936
2020-05-11,2020,5,11,Monday,19,2020-19,159.43,168.0,158.0,166.48,10142700,166.48,0.07129988588310598,152.65714285714287,135.5232
2020-05-12,2020,5,12,Tuesday,19,2020-19,168.0,168.23,160.05,161.04,7102600,161.04,-0.03267661329298299,153.42785714285716,136.4818
2020-05-13,2020,5,13,Wednesday,19,2020-19,163.61,171.5,159.17,167.14,11081300,167.14,0.0378788273586006,153.28857142857143,137.47519999999997
2020-05-14,2020,5,14,Thursday,19,2020-19,168.26,170.8,162.89,167.91,6730500,167.91,0.004606941936536879,153.93928571428572,138.4974
2020-05-15,2020,5,15,Friday,19,2020-19,166.75,175.44,166.56,174.83,8540500,174.83,0.04121254254076878,154.67000000000002,139.49400000000003
2020-05-18,2020,5,18,Monday,20,2020-20,170.03,173.44,162.64,164.69,9608300,164.69,-0.05799919512354135,155.2392857142857,140.5014
2020-05-19,2020,5,19,Tuesday,20,2020-20,167.0,173.86,166.21,173.68,8485500,173.68,0.05458734653655428,157.18214285714288,141.7
2020-05-20,2020,5,20,Wednesday,20,2020-20,173.53,175.64,170.53,175.48,6910000,175.48,0.010363905617603253,160.0614285714286,143.03979999999999
2020-05-21,2020,5,21,Thursday,20,2020-20,175.96,177.8,168.36,172.03,5525300,172.03,-0.019660343242764,162.45214285714286,144.27439999999999
2020-05-22,2020,5,22,Friday,20,2020-20,171.86,175.89,170.2,171.06,4302200,171.06,-0.005638558551334882,164.42499999999998,145.5062
2020-05-26,2020,5,26,Tuesday,21,2020-21,169.1,169.69,163.12,164.0,6689700,164.0,-0.04127205459695782,165.79500000000002,146.6368
2020-05-27,2020,5,27,Wednesday,21,2020-21,158.01,162.22,149.16,161.97,10076700,161.97,-0.012378041337176016,166.67928571428573,147.719
2020-05-28,2020,5,28,Thursday,21,2020-21,159.23,169.4,159.2,163.55,6386800,163.55,0.009754904112779128,167.08999999999997,148.768
2020-05-29,2020,5,29,Friday,21,2020-21,168.0,179.99,167.86,179.48,15219600,179.48,0.09740135969755981,168.80999999999997,149.9834
2020-06-01,2020,6,1,Monday,22,2020-22,183.18,205.87,183.0,204.15,24394400,204.15,0.13745263403279662,171.50071428571428,151.59099999999998
2020-06-02,2020,6,2,Tuesday,22,2020-22,210.25,212.69,197.32,208.08,36853400,208.08,0.019250590507306375,174.86071428571427,153.1416
2020-06-03,2020,6,3,Wednesday,22,2020-22,211.7,224.46,202.32,223.87,32390100,223.87,0.07588424234517799,178.91285714285712,154.42780000000002
2020-06-04,2020,6,4,Thursday,22,2020-22,221.0,223.0,207.6,210.35,20212600,210.35,-0.060392144139703396,181.94428571428574,155.9312
2020-06-05,2020,6,5,Friday,22,2020-22,200.11,208.94,196.1,207.6,16298700,207.6,-0.013073448634209672,184.28500000000003,157.321
2020-06-08,2020,6,8,Monday,23,2020-23,204.35,211.44,198.66,209.83,10457500,209.83,0.010741790279269692,187.5092857142857,158.6946
2020-06-09,2020,6,9,Tuesday,23,2020-23,209.83,210.59,202.93,205.43,7521800,205.43,-0.020969399594325533,189.77714285714282,159.7692
2020-06-10,2020,6,10,Wednesday,23,2020-23,208.89,221.53,208.26,221.02,12241100,221.02,0.07588965658624414,193.03,161.172
2020-06-11,2020,6,11,Thursday,23,2020-23,219.18,232.0,218.5,222.07,17615800,222.07,0.004750715009775419,196.6042857142857,162.69099999999997
2020-06-12,2020,6,12,Friday,23,2020-23,224.79,231.45,216.75,219.52,8780400,219.52,-0.011482879126647916,200.06571428571428,164.3414
2020-06-15,2020,6,15,Monday,24,2020-24,227.84,239.59,226.38,239.02,13959100,239.02,0.08883017319823505,205.42428571428573,166.6832
2020-06-16,2020,6,16,Tuesday,24,2020-24,235.99,243.5,231.82,242.56,11333300,242.56,0.01481044775690643,211.18071428571426,168.9704
2020-06-17,2020,6,17,Wednesday,24,2020-24,243.18,243.88,235.12,236.76,11704300,236.76,-0.023911622320810455,216.41000000000003,171.2468
2020-06-18,2020,6,18,Thursday,24,2020-24,240.39,242.61,238.22,241.57,9340900,241.57,0.02031598635319254,220.845,173.80320000000003
2020-06-19,2020,6,19,Friday,24,2020-24,241.64,243.57,238.7,243.48,10077500,243.48,0.007906562675046303,223.6542857142857,176.3166
2020-06-22,2020,6,22,Monday,25,2020-25,247.46,254.9,247.29,251.27,11093700,251.27,0.031994449981998185,226.73928571428573,178.8518
2020-06-23,2020,6,23,Tuesday,25,2020-25,251.26,254.77,247.57,252.81,8791500,252.81,0.00612883854000712,228.8064285714286,181.18959999999998
2020-06-24,2020,6,24,Wednesday,25,2020-25,254.5,258.75,248.6,255.9,9862800,255.9,0.012222603408611032,232.05999999999997,183.4698
2020-06-25,2020,6,25,Thursday,25,2020-25,258.23,260.29,252.66,259.51,7490500,259.51,0.014107135424946238,235.76785714285714,185.6288
2020-06-26,2020,6,26,Friday,25,2020-25,260.52,261.62,250.36,256.8,17142900,256.8,-0.010442841781339363,239.12285714285716,187.75959999999998
2020-06-29,2020,6,29,Monday,26,2020-26,254.97,255.9,243.59,248.56,8436400,248.56,-0.0320871909114655,242.20357142857145,189.72960000000003
2020-06-30,2020,6,30,Tuesday,26,2020-26,249.87,256.83,248.35,253.54,6305500,253.54,0.02003538693455731,244.52642857142857,191.8206
2020-07-01,2020,7,1,Wednesday,26,2020-26,251.35,261.0,247.21,259.13,6803300,259.13,0.02204784943088267,247.17357142857145,194.13780000000003
2020-07-02,2020,7,2,Thursday,26,2020-26,261.0,263.8,258.0,261.74,5629000,261.74,0.010072107831522015,250.18928571428572,196.3676
2020-07-06,2020,7,6,Monday,27,2020-27,265.0,275.08,259.32,261.0,12250200,261.0,-0.0028271959271961578,251.7592857142857,198.2058
2020-07-07,2020,7,7,Tuesday,27,2020-27,261.55,266.45,258.1,262.1,7819700,262.1,0.004214582772090525,253.155,200.2718
2020-07-08,2020,7,8,Wednesday,27,2020-27,263.8,268.53,261.29,266.32,6012900,266.32,0.016100729196612207,255.26642857142858,202.30620000000002
2020-07-09,2020,7,9,Thursday,27,2020-27,269.01,272.7,264.22,269.52,5396000,269.52,0.012015551222020804,257.2628571428571,204.56219999999996
2020-07-10,2020,7,10,Friday,27,2020-27,271.77,278.16,268.64,275.87,6354800,275.87,0.023560427286873686,259.5764285714286,207.15
2020-07-13,2020,7,13,Monday,28,2020-28,278.63,281.0,256.34,260.3,9293000,260.3,-0.056439654909207215,260.2214285714286,209.65259999999998
2020-07-14,2020,7,14,Tuesday,28,2020-28,260.96,265.33,240.45,260.01,8713100,260.01,-0.0011140147558300617,260.73571428571427,212.0816
2020-07-15,2020,7,15,Wednesday,28,2020-28,253.7,257.5,248.12,256.22,6073600,256.22,-0.014576394763948564,260.75857142857143,214.33720000000002
2020-07-16,2020,7,16,Thursday,28,2020-28,250.39,253.0,243.43,248.54,5420100,248.54,-0.0299742717117345,259.975,216.4116
2020-07-17,2020,7,17,Friday,28,2020-28,247.17,250.94,241.29,246.54,4626600,246.54,-0.00804699466494907,259.2421428571428,218.35060000000001
2020-07-20,2020,7,20,Monday,29,2020-29,246.49,271.35,245.99,268.58,9784900,268.58,0.0893972332535653,260.67214285714283,220.56620000000004
2020-07-21,2020,7,21,Tuesday,29,2020-29,268.75,269.75,258.2,260.44,4756600,260.44,-0.030307485806166712,261.165,222.66699999999997
2020-07-22,2020,7,22,Wednesday,29,2020-29,261.95,265.4,255.81,261.18,4581600,261.18,0.0028413078921756263,261.31142857142856,224.56099999999998
2020-07-23,2020,7,23,Thursday,29,2020-29,260.84,264.9,249.21,251.5,4589400,251.5,-0.03706253521416403,260.58,226.3702
2020-07-24,2020,7,24,Friday,29,2020-29,246.2,250.21,237.2,246.56,4303200,246.56,-0.01964215682467696,259.5485714285714,227.95860000000002
2020-07-27,2020,7,27,Monday,30,2020-30,249.28,252.97,246.22,252.33,3328600,252.33,0.02340202924073176,258.85071428571433,229.64700000000002
2020-07-28,2020,7,28,Tuesday,30,2020-30,252.7,258.91,251.32,252.18,3366200,252.18,-0.0005944959148134199,257.8407142857143,231.194
2020-07-29,2020,7,29,Wednesday,30,2020-30,255.55,259.93,251.15,252.39,3333700,252.39,0.0008327651676045544,256.6171428571428,232.94799999999998
2020-07-30,2020,7,30,Thursday,30,2020-30,250.31,256.33,239.32,250.0,7926100,250.0,-0.009469469453734836,254.7692857142857,234.47440000000003
2020-07-31,2020,7,31,Friday,30,2020-30,253.5,255.2,248.36,253.91,3378800,253.91,0.01564001464843745,254.31285714285715,236.043
2020-08-03,2020,8,3,Monday,31,2020-31,256.83,271.1,256.11,268.0,6779300,268.0,0.05549208827802188,254.88357142857143,237.9624
2020-08-04,2020,8,4,Tuesday,31,2020-31,268.0,269.19,262.0,267.34,3087300,267.34,-0.0024627002317514357,255.67785714285714,239.88800000000003
2020-08-05,2020,8,5,Wednesday,31,2020-31,266.29,275.09,262.52,272.9,4514900,272.9,0.020797477499649775,257.41785714285714,242.06600000000003
2020-08-06,2020,8,6,Thursday,31,2020-31,273.87,274.48,263.91,268.25,3602900,268.25,-0.01703918651697811,258.9685714285714,244.1916
2020-08-07,2020,8,7,Friday,31,2020-31,266.45,268.0,252.79,258.73,5024700,258.73,-0.03548924143027721,258.265,246.0952
2020-08-10,2020,8,10,Monday,32,2020-32,259.14,261.44,244.54,250.0,5714000,250.0,-0.03374177952162438,257.51928571428573,247.5056
2020-08-11,2020,8,11,Tuesday,32,2020-32,245.48,245.48,230.0,231.04,9730500,231.04,-0.07584002685546876,255.36642857142857,248.0434
2020-08-12,2020,8,12,Wednesday,32,2020-32,232.3,239.4,230.75,236.72,3924600,236.72,0.024584522591878155,254.31071428571428,248.6162
2020-08-13,2020,8,13,Thursday,32,2020-32,238.15,250.1,238.15,247.25,4749700,247.25,0.04448292803732867,254.35999999999999,249.0838
2020-08-14,2020,8,14,Friday,32,2020-32,249.44,252.43,242.4,244.91,3662800,244.91,-0.009464090345361442,253.82999999999998,249.775
2020-08-17,2020,8,17,Monday,33,2020-33,248.7,267.94,248.51,266.15,8959200,266.15,0.08672569481350711,254.82785714285714,250.946
2020-08-18,2020,8,18,Tuesday,33,2020-33,271.72,277.78,265.5,276.8,6517000,276.8,0.04001500710395112,256.57142857142856,252.2854
2020-08-19,2020,8,19,Wednesday,33,2020-33,274.68,279.59,270.32,273.51,4674000,273.51,-0.011885759293473908,258.2507142857143,253.64700000000002
2020-08-20,2020,8,20,Thursday,33,2020-33,274.45,290.88,273.99,290.69,9318400,290.69,0.06281303083021728,260.8778571428571,255.04039999999998
2020-08-21,2020,8,21,Friday,33,2020-33,291.0,295.97,286.94,289.68,5250100,289.68,-0.0034745252920371783,262.4264285714286,256.39259999999996
2020-08-24,2020,8,24,Monday,34,2020-34,293.0,293.87,274.11,282.28,6463500,282.28,-0.025545409015411913,263.49357142857144,257.6478
2020-08-25,2020,8,25,Tuesday,34,2020-34,279.0,293.72,275.81,290.44,4602900,290.44,0.028907480860836055,264.74642857142857,258.67620000000005
2020-08-26,2020,8,26,Wednesday,34,2020-34,293.0,302.0,290.85,295.27,5692100,295.27,0.016629894407331314,266.6764285714286,259.7304
2020-08-27,2020,8,27,Thursday,34,2020-34,295.69,301.52,290.33,294.68,5560600,294.68,-0.001998158837142494,269.2442857142857,260.8888
2020-08-28,2020,8,28,Friday,34,2020-34,299.22,303.58,297.26,299.27,5342300,299.27,0.01557620623039968,272.7635714285714,262.0428
2020-08-31,2020,8,31,Monday,35,2020-35,304.01,325.9,301.27,325.1,23468100,325.1,0.08631008132480567,279.48214285714283,263.6752
2020-09-01,2020,9,1,Tuesday,35,2020-35,439.51,478.0,410.68,457.69,53226200,457.69,0.40784372146604153,295.2657142857143,267.80359999999996
2020-09-02,2020,9,2,Wednesday,35,2020-35,445.67,445.67,410.0,423.56,18866800,423.56,-0.07457013415358982,307.8592857142857,271.2186
2020-09-03,2020,9,3,Thursday,35,2020-35,399.55,409.9,367.0,381.32,20304300,381.32,-0.09972610840930907,317.6028571428571,273.72700000000003
2020-09-04,2020,9,4,Friday,35,2020-35,375.5,386.01,346.76,369.89,13230100,369.89,-0.029974804511274544,325.0128571428572,275.9346
2020-09-08,2020,9,8,Tuesday,36,2020-36,350.7,365.5,345.68,350.88,7966500,350.88,-0.05139368194000338,330.30428571428575,277.81620000000004
2020-09-09,2020,9,9,Wednesday,36,2020-36,369.75,394.8,362.12,389.65,17325800,389.65,0.11049358320266878,338.59999999999997,280.638
2020-09-10,2020,9,10,Thursday,36,2020-36,400.0,407.82,378.36,384.48,11932100,384.48,-0.013268274069394015,345.29928571428576,283.2568
2020-09-11,2020,9,11,Friday,36,2020-36,389.13,400.75,373.05,383.0,9297600,383.0,-0.003849383437467546,351.96500000000003,285.7342
2020-09-14,2020,9,14,Monday,37,2020-37,391.74,404.36,386.13,403.51,7963100,403.51,0.053550939335835546,360.6242857142857,288.5696
2020-09-15,2020,9,15,Tuesday,37,2020-37,410.0,413.5,391.05,410.94,8495600,410.94,0.018413403623114277,369.2314285714286,291.5684
2020-09-16,2020,9,16,Wednesday,37,2020-37,406.27,419.42,404.22,408.17,6739800,408.17,-0.006740616628255425,377.2957142857143,294.4898
2020-09-17,2020,9,17,Thursday,37,2020-37,389.0,417.82,387.0,413.12,9260400,413.12,0.012139516400665018,385.7557142857143,297.4258
2020-09-18,2020,9,18,Friday,37,2020-37,419.8,442.0,407.5,438.73,22315700,438.73,0.0619788465629727,395.71714285714285,300.81
2020-09-21,2020,9,21,Monday,38,2020-38,434.0,470.0,434.0,468.47,16843800,468.47,0.06778654181307364,405.9578571428571,304.66200000000003
2020-09-22,2020,9,22,Tuesday,38,2020-38,477.0,494.9,458.75,492.6,16440600,492.6,0.051508111127577916,408.4514285714286,309.30800000000005
2020-09-23,2020,9,23,Wednesday,38,2020-38,489.49,529.74,483.25,500.53,27051300,500.53,0.016098239093636613,413.94928571428574,314.1184
2020-09-24,2020,9,24,Thursday,38,2020-38,487.01,502.25,457.69,464.98,17896600,464.98,-0.07102468958837393,419.92500000000007,318.29359999999997
2020-09-25,2020,9,25,Friday,38,2020-38,474.87,500.0,474.87,496.5,12906800,496.5,0.06778783661433274,428.9685714285714,323.2528
2020-09-28,2020,9,28,Monday,39,2020-39,502.41,519.77,479.57,487.66,17621300,487.66,-0.017804625051139222,438.73857142857145,328.0752
2020-09-29,2020,9,29,Tuesday,39,2020-39,488.13,489.8,463.0,465.5,15211300,465.5,-0.04544150329265806,444.1564285714286,332.0136
2020-09-30,2020,9,30,Wednesday,39,2020-39,464.21,481.55,462.0,470.11,8971100,470.11,0.009903298284774431,450.2728571428571,336.20700000000005
2020-10-01,2020,10,1,Thursday,39,2020-39,477.0,483.73,465.0,482.99,7859300,482.99,0.027397854298245594,457.41499999999996,340.6432
2020-10-02,2020,10,2,Friday,39,2020-39,485.01,507.49,481.0,482.23,12791700,482.23,-0.0015734886093148326,463.0378571428572,345.2578
2020-10-05,2020,10,5,Monday,40,2020-40,493.97,496.9,475.26,485.37,7534700,485.37,0.006511382658323184,468.3542857142857,350.034
2020-10-06,2020,10,6,Tuesday,40,2020-40,480.51,487.9,473.22,478.25,6097700,478.25,-0.014669211506303403,473.36,354.55240000000003
2020-10-07,2020,10,7,Wednesday,40,2020-40,482.5,487.5,477.11,480.61,4449500,480.61,0.004934626976607515,478.18071428571426,359.121
2020-10-08,2020,10,8,Thursday,40,2020-40,484.0,489.49,475.58,478.55,4193100,478.55,-0.004286214646761599,481.02500000000003,363.64420000000007
2020-10-09,2020,10,9,Friday,40,2020-40,487.99,498.9,484.08,492.41,8719700,492.41,0.028962524757469632,482.735,368.49240000000003
2020-10-12,2020,10,12,Monday,41,2020-41,501.43,506.11,490.48,491.54,6979500,491.54,-0.001766810403357466,482.65928571428566,373.245
2020-10-13,2020,10,13,Tuesday,41,2020-41,494.0,520.0,493.0,518.79,8941500,518.79,0.055437948099257284,483.9635714285714,378.2608
2020-10-14,2020,10,14,Wednesday,41,2020-41,518.78,519.8,498.6,509.25,8308900,509.25,-0.018388901928326984,487.1257142857143,383.099
2020-10-15,2020,10,15,Thursday,41,2020-41,509.08,540.05,506.5,536.4,16520600,536.4,0.05331374455387827,489.97571428571433,388.369
2020-10-16,2020,10,16,Friday,41,2020-41,544.0,565.45,543.25,559.0,13745800,559.0,0.042132689331296325,495.07142857142856,394.184
2020-10-19,2020,10,19,Monday,42,2020-42,572.5,588.84,562.55,568.34,15193200,568.34,0.01670845591318204,502.4171428571429,400.37620000000004
2020-10-20,2020,10,20,Tuesday,42,2020-42,572.33,575.69,534.59,537.02,12098200,537.02,-0.05510786825539482,507.19642857142856,406.11660000000006
2020-10-21,2020,10,21,Wednesday,42,2020-42,535.88,551.66,511.78,513.19,9215400,513.19,-0.04437454140097852,509.35357142857146,411.7596
2020-10-22,2020,10,22,Thursday,42,2020-42,521.78,530.43,503.47,520.54,8100900,520.54,0.014322133227403722,512.09,417.436
2020-10-23,2020,10,23,Friday,42,2020-42,522.33,527.0,505.41,511.52,5377100,511.52,-0.017328138845078445,513.9578571428572,422.7214
2020-10-26,2020,10,26,Monday,43,2020-43,520.49,541.1,510.31,517.79,10080800,517.79,0.012257564021616929,516.7821428571428,428.1789999999999
2020-10-27,2020,10,27,Tuesday,43,2020-43,525.22,540.0,513.3,538.99,7227600,538.99,0.040943264849965244,520.9521428571428,433.6358
2020-10-28,2020,10,28,Wednesday,43,2020-43,549.5,553.86,511.5,516.01,8810100,516.01,-0.04263526389192751,523.6278571428571,438.42
2020-10-29,2020,10,29,Thursday,43,2020-43,521.19,525.46,483.5,489.68,9207600,489.68,-0.05102617505773388,523.4328571428572,442.74339999999995
2020-10-30,2020,10,30,Friday,43,2020-43,481.5,495.95,457.02,460.91,8697800,460.91,-0.05875263323801061,521.245,446.14779999999996
2020-11-02,2020,11,2,Monday,44,2020-44,462.29,477.0,440.0,453.0,8051900,453.0,-0.017161709659719526,516.5457142857143,449.4142
2020-11-03,2020,11,3,Tuesday,44,2020-44,456.33,461.88,445.01,451.51,6497000,451.51,-0.0032891616652869216,512.4214285714286,452.7988
2020-11-04,2020,11,4,Wednesday,44,2020-44,471.92,484.94,455.4,483.7,8048500,483.7,0.07129410587844065,508.65714285714284,456.664
2020-11-05,2020,11,5,Thursday,44,2020-44,497.99,499.35,480.76,496.73,6379900,496.73,0.026938181621793733,504.20928571428567,460.6932
2020-11-06,2020,11,6,Friday,44,2020-44,494.66,505.88,482.73,500.11,4266000,500.11,0.006804449681876434,499.3357142857143,464.8018
2020-11-09,2020,11,9,Monday,45,2020-45,433.0,446.47,402.0,413.24,18033500,413.24,-0.17370178093148947,490.4942857142857,467.0812
2020-11-10,2020,11,10,Tuesday,45,2020-45,412.5,414.45,366.28,376.01,20751900,376.01,-0.09009287907405694,480.69571428571425,468.0994
2020-11-11,2020,11,11,Wednesday,45,2020-45,391.65,419.8,385.0,413.34,16691100,413.34,0.09927923619781875,473.0385714285714,467.21240000000006
2020-11-12,2020,11,12,Thursday,45,2020-45,427.85,435.75,419.61,428.64,14910000,428.64,0.03701557663449462,467.11857142857144,467.314
2020-11-13,2020,11,13,Friday,45,2020-45,425.99,428.47,396.87,403.58,11732200,403.58,-0.05846404259930249,458.9607142857143,467.75919999999996
2020-11-16,2020,11,16,Monday,46,2020-46,382.6,400.8,375.1,399.15,12054400,399.15,-0.010976740232851001,448.9721428571429,468.3444
2020-11-17,2020,11,17,Tuesday,46,2020-46,406.29,411.5,396.32,401.63,6972100,401.63,0.006213230675812698,440.8021428571429,469.35939999999994
2020-11-18,2020,11,18,Wednesday,46,2020-46,399.0,423.5,390.22,415.04,10974200,415.04,0.03338894878140919,435.4707142857143,469.8672
2020-11-19,2020,11,19,Thursday,46,2020-46,408.99,427.89,407.5,414.29,8007000,414.29,-0.0018070547045077046,432.1407142857143,470.4634
2020-11-20,2020,11,20,Friday,46,2020-46,418.55,445.3,415.56,439.6,12586600,439.6,0.06109246430414306,431.1835714285714,471.5953999999999
2020-11-23,2020,11,23,Monday,47,2020-47,432.01,436.51,417.88,430.28,8486000,430.28,-0.02120110826846555,429.6671428571429,472.1308
2020-11-24,2020,11,24,Tuesday,47,2020-47,421.51,438.83,420.01,427.55,6148400,427.55,-0.006344731323959185,425.65642857142853,472.463
2020-11-25,2020,11,25,Wednesday,47,2020-47,435.85,448.48,433.33,443.72,8763700,443.72,0.037820170481595916,421.87,473.17400000000004
2020-11-27,2020,11,27,Friday,47,2020-47,453.99,472.04,449.0,471.61,7276400,471.61,0.06285491763754658,419.8342857142857,474.3438
2020-11-30,2020,11,30,Monday,48,2020-48,485.7,486.83,460.0,478.36,16646500,478.36,0.01431267405198855,424.4857142857143,475.1364
2020-12-01,2020,12,1,Tuesday,48,2020-48,434.72,434.99,401.72,406.31,20837500,406.31,-0.150618759928293,426.65,473.8932
2020-12-02,2020,12,2,Wednesday,48,2020-48,399.0,424.55,394.57,412.86,10962800,412.86,0.016120666073505152,426.61571428571426,472.2984
2020-12-03,2020,12,3,Thursday,48,2020-48,413.0,419.17,405.02,413.54,6306700,413.54,0.0016471036610155032,425.5371428571429,470.5586
2020-12-04,2020,12,4,Friday,48,2020-48,409.26,418.88,408.19,410.01,4447300,410.01,-0.008536051425151125,425.9964285714286,469.4592
2020-12-07,2020,12,7,Monday,49,2020-49,411.0,416.8,405.45,407.85,4427300,407.85,-0.0052681729973961255,426.61785714285713,467.68619999999993
2020-12-08,2020,12,8,Tuesday,49,2020-49,408.87,419.5,406.75,412.0,5319400,412.0,0.010175294432706483,427.3585714285714,466.17299999999994
2020-12-09,2020,12,9,Wednesday,49,2020-49,406.75,409.99,381.5,385.36,8956700,385.36,-0.06466022972921726,425.23857142857145,464.57019999999994
2020-12-10,2020,12,10,Thursday,49,2020-49,382.73,399.0,380.27,397.96,4572100,397.96,0.03269671627172377,424.07214285714286,463.12719999999996
2020-12-11,2020,12,11,Friday,49,2020-49,395.35,397.34,384.61,397.01,4677400,397.01,-0.002387128630643609,421.03000000000003,461.4076
2020-12-14,2020,12,14,Monday,50,2020-50,388.95,396.75,376.68,395.99,6820100,395.99,-0.002569253938590088,418.5807142857143,459.6828
2020-12-15,2020,12,15,Tuesday,50,2020-50,398.51,410.32,395.08,399.43,5144700,399.43,0.008687094437337173,416.57214285714286,457.96399999999994
2020-12-16,2020,12,16,Wednesday,50,2020-50,400.49,406.56,393.46,404.0,4158500,404.0,0.011441322404470045,413.735,456.4789999999999
2020-12-17,2020,12,17,Thursday,50,2020-50,408.72,409.03,399.56,401.62,3792500,401.62,-0.005891101195080406,408.7357142857143,454.89920000000006
2020-12-18,2020,12,18,Friday,50,2020-50,403.8,408.11,398.25,406.01,6174800,406.01,0.010930767147578235,403.5678571428571,453.4484
2020-12-21,2020,12,21,Monday,51,2020-51,418.07,427.76,404.58,408.97,8557400,408.97,0.007290439604646259,403.7578571428572,451.7796
2020-12-22,2020,12,22,Tuesday,51,2020-51,408.5,413.5,396.5,409.0,4211000,409.0,7.33520287730105e-05,403.48214285714283,450.12880000000007
2020-12-23,2020,12,23,Wednesday,51,2020-51,402.0,402.6,378.58,383.88,9554400,383.88,-0.06141808097111856,401.36357142857145,447.4306
2020-12-24,2020,12,24,Thursday,51,2020-51,383.88,384.88,375.0,375.17,3850700,375.17,-0.02268935955061535,398.875,444.749
2020-12-28,2020,12,28,Monday,52,2020-52,370.4,373.28,349.02,351.39,9454800,351.39,-0.06338459345945946,394.84214285714285,441.04879999999997
2020-12-29,2020,12,29,Tuesday,52,2020-52,350.66,359.91,350.13,353.75,6080300,353.75,0.0067161423295527545,390.68142857142857,436.94379999999995
2020-12-30,2020,12,30,Wednesday,52,2020-52,358.42,358.7,345.4,353.4,5474500,353.4,-0.0009894165470406557,388.3985714285714,432.645
2020-12-31,2020,12,31,Thursday,52,2020-52,351.77,351.83,336.1,337.32,6559700,337.32,-0.045500811686419174,384.0671428571428,428.651
2021-01-04,2021,1,4,Monday,01,2021-01,340.4,363.09,339.2,359.98,8598300,359.98,0.06717657764168572,381.42214285714283,425.5868
2021-01-05,2021,1,5,Tuesday,01,2021-01,360.39,365.01,349.0,360.83,4983500,360.83,0.002361174398568977,378.9107142857143,422.39259999999996
2021-01-06,2021,1,6,Wednesday,01,2021-01,351.0,352.94,341.92,344.41,7124600,344.41,-0.04550614838345124,374.9807142857143,419.0504
2021-01-07,2021,1,7,Thursday,01,2021-01,346.0,354.48,341.6,342.5,5601200,342.5,-0.005545726435934872,370.58785714285716,415.54460000000006
2021-01-08,2021,1,8,Friday,01,2021-01,345.2,350.0,340.34,349.61,5009200,349.61,0.020759081318430628,366.8728571428572,411.75699999999995
2021-01-11,2021,1,11,Monday,02,2021-02,344.98,349.96,336.85,337.71,3360400,337.71,-0.03403791194498618,361.9942857142857,408.19100000000003
2021-01-12,2021,1,12,Tuesday,02,2021-02,333.2,358.9,331.1,356.81,8934400,356.81,0.05655742082495152,358.2685714285714,405.5336
2021-01-13,2021,1,13,Wednesday,02,2021-02,360.0,384.23,348.65,364.63,14056500,364.63,0.021916446786036436,355.09928571428566,403.608
2021-01-14,2021,1,14,Thursday,02,2021-02,371.0,384.95,370.5,383.24,9311000,383.24,0.05103799770274953,355.05357142857144,402.2128000000001
2021-01-15,2021,1,15,Friday,02,2021-02,397.71,404.44,382.07,384.53,12799500,384.53,0.0033660593304287723,355.72214285714284,400.8732
2021-01-19,2021,1,19,Tuesday,03,2021-03,391.01,396.77,385.51,393.87,5709400,393.87,0.024289382798587278,358.75642857142856,399.0766
2021-01-20,2021,1,20,Wednesday,03,2021-03,399.11,399.53,378.32,382.8,5713900,382.8,-0.02810573910542513,360.8314285714286,396.79799999999994
2021-01-21,2021,1,21,Thursday,03,2021-03,383.03,387.21,372.03,382.81,5180800,382.81,2.614881385643031e-05,362.9321428571428,394.452
2021-01-22,2021,1,22,Friday,03,2021-03,380.99,385.29,376.38,383.4,2791600,383.4,0.0015412249984414483,366.22357142857146,393.8552
2021-01-25,2021,1,25,Monday,04,2021-04,388.99,398.8,378.27,391.83,5178100,391.83,0.02198746168487764,368.4985714285714,394.17159999999996
2021-01-26,2021,1,26,Tuesday,04,2021-04,391.08,395.82,372.2,374.39,5151300,374.39,-0.044509028204791745,369.46714285714285,393.39259999999996
2021-01-27,2021,1,27,Wednesday,04,2021-04,367.5,384.25,362.77,370.74,4557500,370.74,-0.009749256847808807,371.34785714285715,392.2346
2021-01-28,2021,1,28,Thursday,04,2021-04,368.0,383.31,363.86,378.59,3374200,378.59,0.021173885500058942,373.92571428571426,391.7348
2021-01-29,2021,1,29,Friday,04,2021-04,379.0,385.91,358.62,372.07,3959000,372.07,-0.017221767814099342,375.53000000000003,391.1932
2021-02-01,2021,2,1,Monday,05,2021-05,369.0,382.78,368.13,381.93,3443900,381.93,0.02650034981984084,378.68857142857144,390.79920000000004
2021-02-02,2021,2,2,Tuesday,05,2021-05,384.5,394.89,378.68,391.84,3780100,391.84,0.02594717317872952,381.19071428571425,390.33520000000004
2021-02-03,2021,2,3,Wednesday,05,2021-05,395.79,395.79,379.0,380.47,3433100,380.47,-0.02901693350206891,382.3221428571428,389.6588
2021-02-04,2021,2,4,Thursday,05,2021-05,383.5,390.0,376.87,389.98,2528100,389.98,0.024995426012860422,382.80357142857144,388.66640000000007
2021-02-05,2021,2,5,Friday,05,2021-05,387.86,420.0,387.86,419.59,9759100,419.59,0.0759269309128785,385.30785714285713,388.45259999999996
2021-02-08,2021,2,8,Monday,06,2021-06,420.74,422.0,406.5,410.81,3731500,410.81,-0.020925186148209485,386.51785714285717,388.1178
2021-02-09,2021,2,9,Tuesday,06,2021-06,411.7,434.67,410.31,430.03,5115400,430.03,0.046785621905323316,389.89142857142855,387.84399999999994
2021-02-10,2021,2,10,Wednesday,06,2021-06,431.89,441.22,416.14,431.0,4738300,431.0,0.0022556594271483377,393.3335714285714,387.0318
2021-02-11,2021,2,11,Thursday,06,2021-06,433.99,443.75,429.51,432.77,3502600,432.77,0.004106703047962679,396.86,386.12
2021-02-12,2021,2,12,Friday,06,2021-06,431.52,435.0,423.13,433.11,2077800,433.11,0.0007856282702631834,399.8085714285714,386.656
2021-02-16,2021,2,16,Tuesday,07,2021-07,438.8,451.77,436.7,444.51,4249200,444.51,0.02632131513848357,404.8171428571428,387.289
2021-02-17,2021,2,17,Wednesday,07,2021-07,440.02,441.2,418.25,429.42,4006500,429.42,-0.033947483760482844,409.00857142857143,387.60659999999996
2021-02-18,2021,2,18,Thursday,07,2021-07,426.75,428.88,414.0,417.91,2645300,417.91,-0.026803617450778083,411.8171428571428,387.7646
2021-02-19,2021,2,19,Friday,07,2021-07,419.22,425.99,414.5,417.26,2195000,417.26,-0.001555344190827035,415.045,387.9528000000001
2021-02-22,2021,2,22,Monday,08,2021-08,408.5,411.72,390.6,394.34,4340300,394.34,-0.054929810888439956,415.93142857142857,387.59960000000007
2021-02-23,2021,2,23,Tuesday,08,2021-08,371.01,389.99,351.81,388.16,5558200,388.16,-0.01567173691021162,415.66857142857145,387.65560000000005
2021-02-24,2021,2,24,Wednesday,08,2021-08,383.13,388.67,375.62,385.23,3442400,385.23,-0.007548414695326966,416.00857142857143,387.40100000000007
2021-02-25,2021,2,25,Thursday,08,2021-08,383.78,387.65,361.01,364.73,4585100,364.73,-0.053214960972310044,414.205,386.7554
2021-02-26,2021,2,26,Friday,08,2021-08,367.95,377.09,356.17,373.61,4702400,373.61,0.024346706050375477,410.9207142857143,386.30780000000004
2021-03-01,2021,3,1,Monday,09,2021-09,388.66,416.2,387.01,409.66,10044700,409.66,0.096491046074757,410.8385714285714,386.51240000000007
2021-03-02,2021,3,2,Tuesday,09,2021-09,439.6,440.0,371.82,372.79,18156600,372.79,-0.09000145190546394,406.75,385.8882
2021-03-03,2021,3,3,Wednesday,09,2021-09,383.0,383.25,339.0,341.57,15526000,341.57,-0.08374688297725941,400.3621428571429,384.6872
2021-03-04,2021,3,4,Thursday,09,2021-09,347.8,358.3,333.0,343.09,10328100,343.09,0.004450007263749889,393.9564285714286,383.42879999999997
2021-03-05,2021,3,5,Friday,09,2021-09,345.39,347.75,314.38,337.43,8255500,337.43,-0.016497139883190126,387.1221428571429,381.99799999999993
2021-03-08,2021,3,8,Monday,10,2021-10,334.99,339.35,309.0,310.93,6899100,310.93,-0.07853480892394304,377.5807142857143,380.03659999999996
2021-03-09,2021,3,9,Tuesday,10,2021-10,331.95,343.58,320.8,342.11,5705200,342.11,0.10027978455038866,371.3442857142857,379.2012
2021-03-10,2021,3,10,Wednesday,10,2021-10,347.99,355.69,333.01,336.03,4730000,336.03,-0.01777202312881232,365.4957142857143,378.41839999999996
2021-03-11,2021,3,11,Thursday,10,2021-10,347.99,357.4,338.8,355.17,3915400,355.17,0.056959243870987164,361.0607142857143,378.494
2021-03-12,2021,3,12,Friday,10,2021-10,342.01,350.44,338.43,346.39,2960800,346.39,-0.02472055198174361,357.63571428571424,378.34680000000003
2021-03-15,2021,3,15,Monday,11,2021-11,347.08,351.56,343.5,350.0,1988200,350.0,0.010421736190133535,354.90999999999997,378.2788
2021-03-16,2021,3,16,Tuesday,11,2021-11,351.99,355.49,333.69,335.08,3333200,335.08,-0.042628609793526784,351.32785714285717,378.23400000000004
2021-03-17,2021,3,17,Wednesday,11,2021-11,328.57,340.54,322.66,336.65,3593200,336.65,0.00468547029704558,349.32214285714286,377.76739999999995
2021-03-18,2021,3,18,Thursday,11,2021-11,330.0,330.33,316.0,316.32,5434400,316.32,-0.06038908938319132,345.23,376.8772
2021-03-19,2021,3,19,Friday,11,2021-11,316.83,327.98,313.63,326.26,4981400,326.26,0.03142388154796061,339.27285714285716,376.51419999999996
2021-03-22,2021,3,22,Monday,12,2021-12,329.45,333.89,327.01,328.5,2947900,328.5,0.006865659803002355,336.10928571428576,376.2342
2021-03-23,2021,3,23,Tuesday,12,2021-12,330.0,347.4,329.35,339.76,5723800,339.76,0.03427704647070007,335.97999999999996,376.0372
2021-03-24,2021,3,24,Wednesday,12,2021-12,338.67,339.99,314.35,314.96,4924500,314.96,-0.07299275252450854,333.9707142857142,375.58219999999994
2021-03-25,2021,3,25,Thursday,12,2021-12,310.95,320.63,308.31,314.85,3564800,314.85,-0.00034920419909334477,332.35785714285714,374.74300000000005
2021-03-26,2021,3,26,Friday,12,2021-12,312.89,320.0,306.75,319.95,3219800,319.95,0.01619820868556321,333.0021428571428,373.8494
2021-03-29,2021,3,29,Monday,13,2021-13,317.07,322.97,305.78,308.39,3041400,308.39,-0.03613063640426928,330.59357142857147,372.3524
2021-03-30,2021,3,30,Tuesday,13,2021-13,305.0,314.88,302.32,313.19,2837100,313.19,0.015564666704402486,328.9621428571428,370.9256
2021-03-31,2021,3,31,Wednesday,13,2021-13,315.23,325.74,311.13,321.29,2773200,321.29,0.02586291401505081,326.5421428571428,369.474
2021-04-01,2021,4,1,Thursday,13,2021-13,325.98,338.91,325.5,326.23,2853900,326.23,0.01537552463513836,325.1021428571429,368.3426
2021-04-05,2021,4,5,Monday,14,2021-14,327.83,328.5,313.1,323.96,3024700,323.96,-0.006958340602652657,323.2421428571429,367.1656
2021-04-06,2021,4,6,Tuesday,14,2021-14,323.75,332.66,321.66,329.79,3767100,329.79,0.01799610212254299,322.86428571428576,366.0934
2021-04-07,2021,4,7,Wednesday,14,2021-14,329.11,333.44,319.23,323.08,4197700,323.08,-0.020346347065703374,321.895,364.71840000000003
2021-04-08,2021,4,8,Thursday,14,2021-14,326.85,333.99,326.0,331.28,2821500,331.28,0.025380749498072452,322.9635714285714,363.8562
2021-04-09,2021,4,9,Friday,14,2021-14,329.1,329.82,319.42,322.65,3216500,322.65,-0.026050485735970796,322.70571428571424,362.89439999999996
2021-04-12,2021,4,12,Monday,15,2021-15,318.1,322.38,315.19,321.51,2964500,321.51,-0.003533191236399391,322.20642857142855,361.7528
2021-04-13,2021,4,13,Tuesday,15,2021-15,327.36,343.71,325.5,342.75,5298200,342.75,0.06606323159225602,322.42,361.1664
2021-04-14,2021,4,14,Wednesday,15,2021-15,344.72,345.02,328.63,329.2,2844900,329.2,-0.03953315183944206,323.4371428571429,360.1118
2021-04-15,2021,4,15,Thursday,15,2021-15,334.14,338.42,327.46,332.38,3360700,332.38,0.009659758681240138,324.6892857142857,358.92259999999993
2021-04-16,2021,4,16,Friday,15,2021-15,330.27,333.75,326.87,329.95,2476500,329.95,-0.007310887057234372,325.4035714285714,357.9122
2021-04-19,2021,4,19,Monday,16,2021-16,327.52,337.8,320.5,324.33,3131900,324.33,-0.017032960832986,326.5421428571429,356.5992
2021-04-20,2021,4,20,Tuesday,16,2021-16,326.73,327.55,316.36,321.78,2282500,321.78,-0.007862325096481881,327.1557142857143,354.64300000000003
2021-04-21,2021,4,21,Wednesday,16,2021-16,317.01,323.11,313.5,322.76,1917500,322.76,0.0030455932315429646,327.26071428571424,352.88199999999995
2021-04-22,2021,4,22,Thursday,16,2021-16,322.67,338.05,322.67,328.32,3328300,328.32,0.01722641402394065,327.40999999999997,350.84780000000006
2021-04-23,2021,4,23,Friday,16,2021-16,331.49,338.55,328.24,336.88,2454300,336.88,0.02607211673865706,328.3328571428571,348.9654
2021-04-26,2021,4,26,Monday,17,2021-17,337.51,338.0,329.21,336.42,2286700,336.42,-0.0013654459997949342,328.80642857142857,347.0384
2021-04-27,2021,4,27,Tuesday,17,2021-17,336.39,341.68,330.89,333.49,2208300,333.49,-0.008709420000034496,329.55,345.046
2021-04-28,2021,4,28,Wednesday,17,2021-17,330.24,334.7,326.05,331.25,1437600,331.25,-0.006716813997327931,329.54785714285714,342.78079999999994
2021-04-29,2021,4,29,Thursday,17,2021-17,331.16,332.5,318.89,321.1,3121100,321.1,-0.03064149100825475,329.43714285714293,340.61440000000005
2021-04-30,2021,4,30,Friday,17,2021-17,318.03,326.28,317.24,319.57,2152500,319.57,-0.004764866864573114,329.29857142857145,338.6476
2021-05-03,2021,5,3,Monday,18,2021-18,320.24,321.12,311.53,313.92,2253000,313.92,-0.01767998800573356,327.23928571428576,336.58079999999995
2021-05-04,2021,5,4,Tuesday,18,2021-18,310.96,311.5,298.77,304.85,3727600,304.85,-0.0288927336144712,325.5,334.791
2021-05-05,2021,5,5,Wednesday,18,2021-18,306.53,310.98,294.5,297.59,2582600,297.59,-0.02381502253655776,323.015,332.9796
2021-05-06,2021,5,6,Thursday,18,2021-18,295.2,295.2,285.61,293.05,3369100,293.05,-0.015255917876241476,320.37928571428574,331.13599999999997
2021-05-07,2021,5,7,Friday,18,2021-18,295.44,304.7,292.71,295.24,2446200,295.24,0.007473136094970245,318.3014285714285,329.74619999999993
2021-05-10,2021,5,10,Monday,19,2021-19,293.01,293.94,286.04,288.49,2507800,288.49,-0.022862756480385826,315.92357142857145,328.0438
2021-05-11,2021,5,11,Tuesday,19,2021-19,273.91,302.0,273.2,300.25,4084400,300.25,0.04076401318489742,314.3157142857143,325.85560000000004
2021-05-12,2021,5,12,Wednesday,19,2021-19,291.05,296.53,282.4,289.7,3419800,289.7,-0.035137344855849295,311.5571428571429,324.1938
2021-05-13,2021,5,13,Thursday,19,2021-19,293.98,296.61,275.8,290.16,4608500,290.16,0.001587819936815782,308.21999999999997,323.16560000000004
2021-05-14,2021,5,14,Friday,19,2021-19,292.15,309.18,292.15,307.89,4357300,307.89,0.061104255454086154,306.1821428571429,322.4616
2021-05-17,2021,5,17,Monday,20,2021-20,304.83,311.91,301.93,308.93,2905600,308.93,0.00337775821840558,304.42785714285714,321.8916
2021-05-18,2021,5,18,Tuesday,20,2021-20,309.41,322.25,304.97,312.86,3311900,312.86,0.012721305049541609,303.11428571428576,321.93019999999996
2021-05-19,2021,5,19,Wednesday,20,2021-20,301.58,311.51,299.0,310.46,1728400,310.46,-0.007671143670826108,302.3542857142857,321.29720000000003
2021-05-20,2021,5,20,Thursday,20,2021-20,314.25,325.95,313.03,324.71,3029400,324.71,0.045899634066252526,302.72142857142853,321.07079999999996
2021-05-21,2021,5,21,Friday,20,2021-20,328.21,329.45,316.06,316.4,2057300,316.4,-0.02559205992201008,302.8985714285714,320.29540000000003
2021-05-24,2021,5,24,Monday,21,2021-21,318.52,324.03,316.5,321.56,1855000,321.56,0.016308482179672623,304.09214285714285,319.7988
2021-05-25,2021,5,25,Tuesday,21,2021-21,322.71,325.51,316.08,321.28,2160100,321.28,-0.0008707512794586814,305.7842857142858,319.2244
2021-05-26,2021,5,26,Wednesday,21,2021-21,324.3,329.46,323.24,326.05,2374300,326.05,0.014846828410717938,308.14142857142855,319.04380000000003
2021-05-27,2021,5,27,Thursday,21,2021-21,324.11,331.0,317.55,326.43,3622100,326.43,0.0011654804387044582,310.3692857142857,318.8394
2021-05-28,2021,5,28,Friday,21,2021-21,330.51,336.33,329.63,331.53,2745700,331.53,0.015623583058990143,313.44357142857143,319.1436
2021-06-01,2021,6,1,Tuesday,22,2021-22,333.33,336.14,321.7,327.72,6607100,327.72,-0.011492165332314674,315.4057142857143,319.1728
2021-06-02,2021,6,2,Wednesday,22,2021-22,331.88,333.79,322.21,327.11,6252100,327.11,-0.0018613934665825393,318.07785714285717,319.145
2021-06-03,2021,6,3,Thursday,22,2021-22,320.11,325.83,318.25,319.01,3107300,319.01,-0.024762238845237428,320.1385714285715,318.73
2021-06-04,2021,6,4,Friday,22,2021-22,321.59,338.99,319.77,336.0,5604900,336.0,0.05325848629908969,322.1464285714286,319.1508
2021-06-07,2021,6,7,Monday,23,2021-23,332.67,344.93,331.12,342.66,4538700,342.66,0.019821439470563584,324.55571428571426,319.707
2021-06-08,2021,6,8,Tuesday,23,2021-23,343.0,350.15,339.22,341.26,2842700,341.26,-0.004085664745001494,326.5842857142857,320.1332
2021-06-09,2021,6,9,Wednesday,23,2021-23,330.63,340.34,330.23,333.63,2721200,333.63,-0.02235833283850852,328.23928571428576,320.638
2021-06-10,2021,6,10,Thursday,23,2021-23,332.05,346.88,331.0,346.5,2809200,346.5,0.038575652455803855,329.7957142857143,321.30420000000004
2021-06-11,2021,6,11,Friday,23,2021-23,347.64,367.96,345.1,366.4,6783400,366.4,0.05743143981669374,333.3671428571429,322.2064
2021-06-14,2021,6,14,Monday,24,2021-24,361.87,369.58,359.4,365.91,3444300,365.91,-0.0013373096139117635,336.53499999999997,323.0
2021-06-15,2021,6,15,Tuesday,24,2021-24,364.5,364.5,357.05,359.0,2587900,359.0,-0.018884434951087714,339.2292857142857,323.70079999999996
2021-06-16,2021,6,16,Wednesday,24,2021-24,357.82,366.83,355.41,361.83,2669200,361.83,0.007882970953386081,341.78499999999997,324.34159999999997
2021-06-17,2021,6,17,Thursday,24,2021-24,358.2,374.52,358.2,372.95,3416600,372.95,0.03073273649900954,345.1078571428571,325.339
2021-06-18,2021,6,18,Friday,24,2021-24,374.01,379.89,370.93,374.24,4569100,374.24,0.0034588496718634953,348.15857142857146,326.1982
2021-06-21,2021,6,21,Monday,25,2021-25,368.78,372.62,363.29,369.25,1896900,369.25,-0.013333663864329215,351.125,327.1302
2021-06-22,2021,6,22,Tuesday,25,2021-25,368.51,377.0,368.5,374.65,1999000,374.65,0.014624221791426972,354.5207142857143,328.193
2021-06-23,2021,6,23,Wednesday,25,2021-25,375.0,382.71,373.99,376.92,2358900,376.92,0.006059040619862399,358.65714285714284,328.8764
2021-06-24,2021,6,24,Thursday,25,2021-25,378.45,382.5,372.32,373.4,2438900,373.4,-0.009338903231056128,361.32857142857137,329.7604
2021-06-25,2021,6,25,Friday,25,2021-25,374.07,374.08,364.08,372.47,3647200,372.47,-0.002490607099578712,363.4578571428571,330.5622
2021-06-28,2021,6,28,Monday,26,2021-26,375.94,393.33,374.5,388.86,3459900,388.86,0.04400350116021201,366.8578571428571,331.7404
2021-06-29,2021,6,29,Tuesday,26,2021-26,388.85,395.44,382.77,394.73,2582700,394.73,0.015095473578899066,371.22214285714284,333.14840000000004
2021-06-30,2021,6,30,Wednesday,26,2021-26,395.0,395.43,385.54,387.03,2249400,387.03,-0.019507035170168385,374.1171428571428,334.45340000000004
2021-07-01,2021,7,1,Thursday,26,2021-26,386.12,390.11,382.0,386.48,1468000,386.48,-0.001421046933579917,375.5514285714286,335.72780000000006
2021-07-02,2021,7,2,Friday,26,2021-26,390.48,398.72,386.55,388.89,2065000,388.89,0.006235778290211824,377.1928571428571,336.93919999999997
2021-07-06,2021,7,6,Tuesday,27,2021-27,392.58,403.47,391.56,401.12,3436200,401.12,0.0314484301681186,380.20142857142855,338.224
2021-07-07,2021,7,7,Wednesday,27,2021-27,403.86,406.48,393.3,393.91,2026600,393.91,-0.017974649837567247,382.4928571428572,339.37379999999996
2021-07-08,2021,7,8,Thursday,27,2021-27,386.0,390.5,377.5,386.01,2748900,386.01,-0.020055326909800608,383.42571428571426,340.42420000000004
2021-07-09,2021,7,9,Friday,27,2021-27,381.02,387.53,377.79,385.08,1918200,385.08,-0.0024093240326178433,384.19999999999993,341.5008
2021-07-12,2021,7,12,Monday,28,2021-28,385.41,390.88,378.27,379.12,1902500,379.12,-0.01547728176717289,384.90500000000003,342.66119999999995
2021-07-13,2021,7,13,Tuesday,28,2021-28,379.04,384.5,375.41,378.39,1757400,378.39,-0.0019254602188005787,385.17214285714283,343.8376
2021-07-14,2021,7,14,Wednesday,28,2021-28,380.8,381.31,360.45,360.61,2599600,360.61,-0.04698863238606976,384.00714285714287,344.77139999999997
2021-07-15,2021,7,15,Thursday,28,2021-28,363.93,368.58,355.35,356.81,2399700,356.81,-0.0105376665853113,382.82214285714286,345.81059999999997
2021-07-16,2021,7,16,Friday,28,2021-28,359.87,365.5,354.34,361.97,1887100,361.97,0.01446148846000872,382.07214285714286,347.0982
2021-07-19,2021,7,19,Monday,29,2021-29,356.33,357.5,343.82,354.2,7787600,354.2,-0.021465836913192926,379.5964285714286,348.3212
2021-07-20,2021,7,20,Tuesday,29,2021-29,357.83,359.24,347.08,355.81,4061100,355.81,0.004545413032401191,376.8164285714286,349.5326
2021-07-21,2021,7,21,Wednesday,29,2021-29,355.34,355.8,348.33,352.97,2953400,352.97,-0.007981777795389111,374.38357142857143,350.8222
2021-07-22,2021,7,22,Thursday,29,2021-29,357.03,367.1,356.21,361.39,3096000,361.39,0.023854756490961915,372.59142857142854,352.045
2021-07-23,2021,7,23,Friday,29,2021-29,361.6,362.5,351.0,359.23,2874300,359.23,-0.005976932329496254,370.4728571428572,353.43559999999997
2021-07-26,2021,7,26,Monday,30,2021-30,366.48,375.83,362.5,373.14,3842000,373.14,0.03872171933496604,368.4742857142857,355.0952
2021-07-27,2021,7,27,Tuesday,30,2021-30,374.76,377.7,357.87,367.54,3080000,367.54,-0.015007787649876647,366.5907142857142,356.2882
2021-07-28,2021,7,28,Wednesday,30,2021-30,368.48,374.14,364.23,369.49,1870700,369.49,0.005305495032154495,365.4107142857143,357.49940000000004
2021-07-29,2021,7,29,Thursday,30,2021-30,376.07,396.89,375.0,386.02,6662100,386.02,0.044737338537402804,365.4778571428572,358.96259999999995
2021-07-30,2021,7,30,Friday,30,2021-30,380.51,392.0,377.53,378.1,2872500,378.1,-0.020517027966330925,365.40500000000003,360.3154
2021-08-02,2021,8,2,Monday,31,2021-31,378.0,382.42,364.0,378.96,3163600,378.96,0.0022744917685271204,365.44571428571425,361.4004
2021-08-03,2021,8,3,Tuesday,31,2021-31,378.13,385.62,371.59,374.88,2190900,374.88,-0.010766272599384008,366.465,362.57
2021-08-04,2021,8,4,Wednesday,31,2021-31,376.88,403.0,376.5,400.58,5563800,400.58,0.06855522128337288,369.59142857142854,364.1504
2021-08-05,2021,8,5,Thursday,31,2021-31,395.73,404.35,391.82,398.68,3427600,398.68,-0.004743107394711621,372.2135714285714,365.6984
2021-08-06,2021,8,6,Friday,31,2021-31,392.3,395.0,380.7,383.47,3092000,383.47,-0.03815087723112143,374.30428571428575,366.84680000000003
2021-08-09,2021,8,9,Monday,32,2021-32,384.93,385.5,378.2,383.34,2306600,383.34,-0.00033902230265381306,376.2707142857143,367.985
2021-08-10,2021,8,10,Tuesday,32,2021-32,385.7,392.78,371.58,372.55,2806500,372.55,-0.02814735912766886,377.66928571428576,368.8054
2021-08-11,2021,8,11,Wednesday,32,2021-32,374.92,375.98,352.74,358.56,3510800,358.56,-0.03755198145959793,377.46714285714285,369.42220000000003
2021-08-12,2021,8,12,Thursday,32,2021-32,358.34,364.15,355.02,362.86,2063300,362.86,0.01199238013790449,377.7264285714285,370.1372
2021-08-13,2021,8,13,Friday,32,2021-32,362.22,363.39,353.59,355.24,1745600,355.24,-0.020999822038257454,376.4478571428572,370.8618
2021-08-16,2021,8,16,Monday,33,2021-33,354.6,355.0,342.57,348.41,2405500,348.41,-0.019226401193625287,375.0814285714286,371.11
2021-08-17,2021,8,17,Tuesday,33,2021-33,345.5,349.46,341.3,345.54,1991500,345.54,-0.008237407327634672,373.3707142857143,371.1676
2021-08-18,2021,8,18,Wednesday,33,2021-33,345.5,346.97,339.05,340.93,2092700,340.93,-0.01334148218770248,370.15000000000003,371.161
2021-08-19,2021,8,19,Thursday,33,2021-33,336.24,337.99,331.45,332.38,2476000,332.38,-0.025078426588005298,366.8842857142857,371.1360000000001
2021-08-20,2021,8,20,Friday,33,2021-33,333.45,344.36,333.45,336.86,2356200,336.86,0.013478489689322748,363.8771428571429,370.9432
2021-08-23,2021,8,23,Monday,34,2021-34,338.23,342.49,336.79,341.3,2147300,341.3,0.013180557603992282,361.47857142857146,370.44120000000004
2021-08-24,2021,8,24,Tuesday,34,2021-34,344.42,346.33,337.76,340.25,1778100,340.25,-0.0030764366555021683,357.16928571428576,369.92800000000005
2021-08-25,2021,8,25,Wednesday,34,2021-34,341.64,344.05,336.79,337.74,2039200,337.74,-0.007376957430198394,352.8164285714286,369.5028
2021-08-26,2021,8,26,Thursday,34,2021-34,350.75,357.93,340.25,340.63,4849000,340.63,0.008556921691245334,349.75642857142856,369.0788
2021-08-27,2021,8,27,Friday,34,2021-34,343.88,344.78,337.65,340.81,3096200,340.81,0.0005284111006109704,346.7185714285714,368.43600000000004
2021-08-30,2021,8,30,Monday,35,2021-35,341.7,348.3,339.65,347.5,10094400,347.5,0.01962971300528249,344.92928571428575,367.9012
2021-08-31,2021,8,31,Tuesday,35,2021-35,294.0,295.87,288.3,289.5,34582900,289.5,-0.16690647482014387,339.99642857142857,366.30620000000005
2021-09-01,2021,9,1,Wednesday,35,2021-35,292.85,299.4,290.05,290.86,14996000,290.86,0.004697704150474991,334.85357142857146,364.6304
2021-09-02,2021,9,2,Thursday,35,2021-35,292.8,296.69,290.41,295.09,6645200,295.09,0.014543117648910364,330.5571428571429,362.99379999999996
2021-09-03,2021,9,3,Friday,35,2021-35,295.33,301.8,292.03,298.29,6127900,298.29,0.010844190744328408,326.9771428571429,361.49159999999995
2021-09-07,2021,9,7,Tuesday,36,2021-36,298.3,300.98,294.8,299.96,4251900,299.96,0.005598521111392696,323.7214285714286,360.0414
2021-09-08,2021,9,8,Wednesday,36,2021-36,299.55,299.96,290.53,293.6,3934400,293.6,-0.02120277881297039,320.3407142857142,358.13620000000003
2021-09-09,2021,9,9,Thursday,36,2021-36,292.16,297.57,291.13,295.86,3350100,295.86,0.007697476842865036,317.73214285714283,356.15880000000004
2021-09-10,2021,9,10,Friday,36,2021-36,296.91,306.26,296.81,301.5,6094900,301.5,0.01906312082634498,315.2064285714286,354.4482
2021-09-13,2021,9,13,Monday,37,2021-37,300.16,300.27,289.82,290.24,4916100,290.24,-0.037346632721807604,311.5592857142857,352.5234
2021-09-14,2021,9,14,Tuesday,37,2021-37,290.34,291.88,280.92,281.44,6036800,281.44,-0.03031969435315429,307.35857142857145,350.37440000000004
2021-09-15,2021,9,15,Wednesday,37,2021-37,282.33,283.07,277.02,279.12,4647400,279.12,-0.008243346020798015,303.1714285714285,347.93440000000004
2021-09-16,2021,9,16,Thursday,37,2021-37,277.68,279.29,273.5,278.22,4676300,278.22,-0.0032243977938826163,298.7135714285714,345.62059999999997
2021-09-17,2021,9,17,Friday,37,2021-37,279.79,287.78,278.37,287.68,5423400,287.68,0.03400183816250446,294.9185714285714,343.65399999999994
2021-09-20,2021,9,20,Monday,38,2021-38,278.65,285.0,276.91,280.67,3905300,280.67,-0.024367281098853444,290.145,341.5658
2021-09-21,2021,9,21,Tuesday,38,2021-38,281.03,281.17,275.07,278.24,4168300,278.24,-0.008657936641261577,289.3407142857143,339.5482
2021-09-22,2021,9,22,Wednesday,38,2021-38,276.2,279.39,275.25,277.95,2973700,277.95,-0.0010421867363475945,288.4185714285714,337.53939999999994
2021-09-23,2021,9,23,Thursday,38,2021-38,279.91,280.36,275.45,276.19,2867900,276.19,-0.006332108970421801,287.06857142857143,335.85100000000006
2021-09-24,2021,9,24,Friday,38,2021-38,274.64,275.9,267.19,272.36,4051700,272.36,-0.013867327042934141,285.2164285714286,334.162
2021-09-27,2021,9,27,Monday,39,2021-39,269.49,275.24,266.11,272.88,3084100,272.88,0.0019093095873785604,283.2821428571429,332.38020000000006
2021-09-28,2021,9,28,Tuesday,39,2021-39,269.49,270.61,259.8,261.89,5212900,261.89,-0.040274076655395175,281.01714285714286,330.534
2021-09-29,2021,9,29,Wednesday,39,2021-39,262.32,266.86,256.88,257.41,4316300,257.41,-0.017106459718756795,278.2707142857143,328.566
2021-09-30,2021,9,30,Thursday,39,2021-39,257.39,264.88,255.25,261.5,4733100,261.5,0.015889034146704617,275.4135714285714,326.7366
2021-10-01,2021,10,1,Friday,39,2021-39,268.77,274.57,262.7,267.51,8664800,267.51,0.022982828931644272,273.79,324.85900000000004
2021-10-04,2021,10,4,Monday,40,2021-40,264.24,264.57,253.41,259.58,5004600,259.58,-0.029643837254191507,272.2285714285714,322.86600000000004
2021-10-05,2021,10,5,Tuesday,40,2021-40,259.84,262.74,256.85,257.12,3712100,257.12,-0.009476814786694931,270.65714285714284,320.5456
2021-10-06,2021,10,6,Wednesday,40,2021-40,251.3,257.88,250.11,253.65,3905500,253.65,-0.013495649061138204,268.90214285714285,318.26779999999997
2021-10-07,2021,10,7,Thursday,40,2021-40,254.43,258.48,253.81,256.27,2672200,256.27,0.010329174769295513,266.6585714285714,316.0034
2021-10-08,2021,10,8,Friday,40,2021-40,257.23,260.54,253.63,255.05,2265300,255.05,-0.004760549476001907,264.8285714285715,313.384
2021-10-11,2021,10,11,Monday,41,2021-41,252.18,258.41,252.0,253.97,1722500,253.97,-0.0042344709591535246,263.09499999999997,310.90139999999997
2021-10-12,2021,10,12,Tuesday,41,2021-41,255.27,257.34,253.1,255.49,3061100,255.49,0.0059849756473404625,261.4907142857143,308.432
2021-10-13,2021,10,13,Wednesday,41,2021-41,257.74,268.28,257.3,266.24,3764800,266.24,0.042075950174491616,260.78000000000003,306.25919999999996
2021-10-14,2021,10,14,Thursday,41,2021-41,270.5,274.0,266.84,267.01,3063900,267.01,0.002892200869494266,260.3978571428571,303.5878
2021-10-15,2021,10,15,Friday,41,2021-41,267.0,267.98,264.25,266.32,2796400,266.32,-0.002584181926407636,259.9292857142857,300.94059999999996
2021-10-18,2021,10,18,Monday,42,2021-42,265.67,274.83,265.5,274.23,2649200,274.23,0.029701124378836985,260.81071428571425,298.75579999999997
2021-10-19,2021,10,19,Tuesday,42,2021-42,274.53,279.81,273.83,276.4,2379400,276.4,0.007913003038403588,262.1671428571429,296.617
2021-10-20,2021,10,20,Wednesday,42,2021-42,277.35,280.2,272.67,275.71,1740700,275.71,-0.002496390942992033,263.1821428571429,294.6802
2021-10-21,2021,10,21,Thursday,42,2021-42,273.64,278.14,272.6,274.78,1496600,274.78,-0.0033730829661745565,263.70142857142855,293.00460000000004
2021-10-22,2021,10,22,Friday,42,2021-42,283.51,286.66,276.12,277.58,3320500,277.58,0.010189925778468778,264.9871428571428,291.29900000000004
2021-10-25,2021,10,25,Monday,43,2021-43,276.04,282.98,275.72,279.79,2925600,279.79,0.007961748251187117,266.6064285714286,289.79
2021-10-26,2021,10,26,Tuesday,43,2021-43,283.33,286.94,277.77,278.7,2422000,278.7,-0.003895765769332704,268.3957142857143,288.3958
2021-10-27,2021,10,27,Wednesday,43,2021-43,278.94,282.48,272.25,272.81,3104800,272.81,-0.021133887299804366,269.57714285714286,286.9412
2021-10-28,2021,10,28,Thursday,43,2021-43,271.16,278.26,269.21,276.58,1594800,276.58,0.013819101379751064,271.11499999999995,285.6542
2021-10-29,2021,10,29,Friday,43,2021-43,272.02,276.61,271.6,274.65,1493800,274.65,-0.006978063379423083,272.59214285714285,284.4996
2021-11-01,2021,11,1,Monday,44,2021-44,273.2,279.47,271.34,278.94,2773200,278.94,0.015619911306237855,274.26714285714286,283.3412
2021-11-02,2021,11,2,Tuesday,44,2021-44,281.1,286.45,276.27,280.29,2092700,280.29,0.0048397723227209255,275.2707142857143,282.12100000000004
2021-11-03,2021,11,3,Wednesday,44,2021-44,280.22,286.05,274.02,285.66,2435800,285.66,0.019158710455163597,276.6028571428571,281.0292
2021-11-04,2021,11,4,Thursday,44,2021-44,286.22,291.31,280.73,282.2,1986800,282.2,-0.012112271269066888,277.7371428571429,279.9184
2021-11-05,2021,11,5,Friday,44,2021-44,267.1,275.64,259.77,264.7,5421000,264.7,-0.062012754227527944,277.05642857142857,278.39979999999997
2021-11-08,2021,11,8,Monday,45,2021-45,262.65,263.18,257.94,259.9,3944100,259.9,-0.018133804643698404,275.8778571428571,276.7816
2021-11-09,2021,11,9,Tuesday,45,2021-45,260.99,265.66,257.57,258.4,3022500,258.4,-0.005771450693444202,274.64142857142855,274.9996
2021-11-10,2021,11,10,Wednesday,45,2021-45,257.01,259.47,249.0,251.26,4903900,251.26,-0.02763157723799614,272.9614285714286,274.2348
2021-11-11,2021,11,11,Thursday,45,2021-45,251.27,253.19,245.16,247.6,3286200,247.6,-0.014566538578909105,270.82,273.3696
2021-11-12,2021,11,12,Friday,45,2021-45,248.38,255.14,245.53,254.97,3173600,254.97,0.02976573075731781,269.04714285714283,272.56719999999996
2021-11-15,2021,11,15,Monday,46,2021-46,255.0,265.33,255.0,263.71,3994900,263.71,0.03427850410844857,267.9764285714286,271.8756
2021-11-16,2021,11,16,Tuesday,46,2021-46,263.0,268.88,261.21,264.49,1972000,264.49,0.0029577900139203805,267.38214285714287,271.1662
2021-11-17,2021,11,17,Wednesday,46,2021-46,264.0,266.19,261.52,263.71,2417300,263.71,-0.0029490672921334005,266.46285714285716,270.56839999999994
2021-11-18,2021,11,18,Thursday,46,2021-46,260.88,263.5,254.58,255.75,2353700,255.75,-0.03018464113231778,265.11285714285714,269.76619999999997
2021-11-19,2021,11,19,Friday,46,2021-46,262.24,265.23,249.33,251.3,3877500,251.3,-0.01739979256399682,263.1385714285714,268.7622
2021-11-22,2021,11,22,Monday,47,2021-47,249.26,251.7,238.2,242.28,8012800,242.28,-0.03589337112185853,260.4235714285714,267.803
2021-11-23,2021,11,23,Tuesday,47,2021-47,218.05,218.61,195.8,206.64,25297500,206.64,-0.14710252422493375,254.7792857142857,266.307
2021-11-24,2021,11,24,Wednesday,47,2021-47,203.9,211.5,202.02,208.3,9218600,208.3,0.008033312364559286,249.50071428571428,264.89059999999995
2021-11-26,2021,11,26,Friday,47,2021-47,235.7,235.97,219.21,220.21,10808600,220.21,0.057177165086982784,246.32285714285715,263.73040000000003
2021-11-29,2021,11,29,Monday,48,2021-48,216.43,219.36,208.46,218.98,7035400,218.98,-0.005585627123323,243.4,262.3564
2021-11-30,2021,11,30,Tuesday,48,2021-48,220.66,221.4,207.4,211.41,5916200,211.41,-0.034569331505734824,240.0435714285714,260.9712
2021-12-01,2021,12,1,Wednesday,48,2021-48,211.42,211.5,196.27,197.71,7560800,197.71,-0.06480297389398137,236.21857142857144,259.3606
2021-12-02,2021,12,2,Thursday,48,2021-48,195.44,198.49,188.37,191.75,6610800,191.75,-0.03014519504059654,232.2292857142857,257.6366
2021-12-03,2021,12,3,Friday,48,2021-48,187.73,187.83,177.12,183.92,8934200,183.92,-0.04083442936664761,227.1542857142857,255.7912
2021-12-06,2021,12,6,Monday,49,2021-49,180.63,186.13,175.27,185.84,4157900,185.84,0.010439311592324252,221.59214285714285,254.06079999999997
2021-12-07,2021,12,7,Tuesday,49,2021-49,187.85,190.87,185.58,189.06,3988300,189.06,0.017326739583273465,216.20428571428573,252.38440000000003
2021-12-08,2021,12,8,Wednesday,49,2021-49,188.29,195.98,184.3,194.86,3320800,194.86,0.030678108149029715,211.28642857142856,251.04379999999998
2021-12-09,2021,12,9,Thursday,49,2021-49,195.16,198.51,185.65,188.27,3797200,188.27,-0.033819133312373295,206.46642857142857,249.66099999999997
2021-12-10,2021,12,10,Friday,49,2021-49,188.27,191.36,183.91,185.25,2174600,185.25,-0.01604081480813291,201.7485714285714,248.136
2021-12-13,2021,12,13,Monday,50,2021-50,181.86,188.97,181.0,184.57,2767800,184.57,-0.0036706757127192846,197.62642857142856,246.47719999999998
2021-12-14,2021,12,14,Tuesday,50,2021-50,180.57,183.42,178.8,181.94,3511200,181.94,-0.014249362184792003,195.86214285714286,244.9244
2021-12-15,2021,12,15,Wednesday,50,2021-50,181.13,185.46,174.66,183.73,4792300,183.73,0.009838371232897325,194.10714285714286,243.4566
2021-12-16,2021,12,16,Thursday,50,2021-50,183.79,185.72,177.0,182.4,4224400,182.4,-0.0072388932780851345,191.40642857142856,242.0316
2021-12-17,2021,12,17,Friday,50,2021-50,184.12,201.69,183.35,199.74,10512600,199.74,0.09506585623309016,190.03214285714284,240.90099999999998
2021-12-20,2021,12,20,Monday,51,2021-51,205.0,205.22,197.02,197.97,7774100,197.97,-0.00886154112237425,189.07214285714286,239.7594
2021-12-21,2021,12,21,Tuesday,51,2021-51,199.04,200.53,191.67,199.42,4246800,199.42,0.007324326611614751,189.19428571428574,238.6684
2021-12-22,2021,12,22,Wednesday,51,2021-51,197.05,200.25,190.42,193.13,2865900,193.13,-0.031541436886405094,189.29285714285714,237.4212
2021-12-23,2021,12,23,Thursday,51,2021-51,191.0,193.41,186.65,191.65,3106600,191.65,-0.007663288711798888,189.845,235.9294
2021-12-27,2021,12,27,Monday,52,2021-52,189.54,190.44,185.66,187.44,3068500,187.44,-0.02196708368982292,189.9592857142857,234.338
2021-12-28,2021,12,28,Tuesday,52,2021-52,186.6,190.63,183.09,183.77,3129100,183.77,-0.019579588781175716,189.58142857142857,232.687
2021-12-29,2021,12,29,Wednesday,52,2021-52,184.0,185.21,179.79,181.81,2565700,181.81,-0.010665542081401025,188.64928571428572,230.8386
2021-12-30,2021,12,30,Thursday,52,2021-52,182.32,192.91,180.84,190.52,4141900,190.52,0.04790719339325733,188.80999999999997,229.12099999999998
